Frame#,sedan#,SUV#,Frame#,Frame_time#,FPS
1,1,1,1,0.9239747524261475,1.0639063586753321
2,1,1,2,0.2572636604309082,1.6562627288326979
3,1,1,3,0.1402430534362793,2.2109274310663922
4,1,1,4,0.14582252502441406,2.6331654032542726
5,2,0,5,0.1520235538482666,2.978270708735869
6,2,0,6,0.14836525917053223,3.2735243444548
7,2,0,7,0.14348244667053223,3.526850131745777
8,2,0,8,0.1398177146911621,3.74203300382886
9,1,1,9,0.15331482887268066,3.8997526492604115
10,1,1,10,0.14466500282287598,4.046472597988641
11,1,1,11,0.15485310554504395,4.169904750060645
12,1,1,12,0.1579577922821045,4.26757035918827
13,2,1,13,0.221968412399292,4.271024746053728
14,3,0,14,0.22762632369995117,4.262347816082526
15,3,0,15,0.20538020133972168,4.292464068314209
16,3,0,16,0.2285459041595459,4.283394318429005
17,3,0,17,0.25666117668151855,4.250098037000914
18,4,0,18,0.30718994140625,4.171422127411432
19,3,0,19,0.22564315795898438,4.178132866592449
20,3,0,20,0.23601937294006348,4.172949556586602
21,3,0,21,0.2286205291748047,4.169244063681234
22,3,0,22,0.20461606979370117,4.191594324796034
23,3,0,23,0.2148897647857666,4.197409170305772
24,3,0,24,0.20311760902404785,4.2098448175542025
25,3,0,25,0.22156643867492676,4.2091927566187115
26,3,0,26,0.21718668937683105,4.2150721468218695
27,3,0,27,0.23168396949768066,4.209845971726509
28,3,0,28,0.20648527145385742,4.217589007654905
29,3,0,29,0.22095298767089844,4.210467695104423
30,3,0,30,0.2082052230834961,4.2207992229623015
31,3,0,31,0.20504260063171387,4.233420532597294
32,3,0,32,0.20587444305419922,4.242272032729073
33,3,0,33,0.20957684516906738,4.250425458547721
34,2,0,34,0.15361595153808594,4.289937430161884
35,1,0,35,0.08176469802856445,4.360783643663029
36,1,0,36,0.08293700218200684,4.433050620498138
37,2,0,37,0.142500638961792,4.471392572248822
38,1,0,38,0.08668923377990723,4.536932290854659
39,2,0,39,0.1411120891571045,4.576019341390344
40,1,0,40,0.08075547218322754,4.641044055215016
41,1,1,41,0.1397569179534912,4.674930020727843
42,2,0,42,0.15212750434875488,4.699177223430578
43,2,0,43,0.14391231536865234,4.724715877305028
44,2,0,44,0.13962411880493164,4.754881389849187
45,2,0,45,0.1559762954711914,4.774416748471079
46,2,0,46,0.14675259590148926,4.798016752599496
47,2,0,47,0.15208148956298828,4.8200166098294535
48,2,0,48,0.14641261100769043,4.847735055922904
49,2,0,49,0.14387011528015137,4.872431055590801
50,2,0,50,0.14112424850463867,4.896324401663845
51,2,0,51,0.14713263511657715,4.9157891717904425
52,2,0,52,0.14570188522338867,4.93766220876678
53,2,0,53,0.14889001846313477,4.95778403236526
54,2,0,54,0.14272499084472656,4.981627100079071
55,2,0,55,0.16349315643310547,4.99293427744976
56,2,0,56,0.14694428443908691,5.013514294910283
57,2,0,57,0.14232707023620605,5.034868069368562
58,1,1,58,0.15970706939697266,5.045654813926394
59,2,0,59,0.14207887649536133,5.0644044846424165
60,1,1,60,0.14705133438110352,5.08022782738377
61,2,0,61,0.14147329330444336,5.1004270580895685
62,2,0,62,0.14507412910461426,5.1157787854964445
63,1,0,63,0.07871222496032715,5.159830380102918
64,2,0,64,0.145888090133667,5.174221416747162
65,2,0,65,0.1451730728149414,5.189733930865518
66,1,0,66,0.08321356773376465,5.230157345090038
67,1,0,67,0.08308744430541992,5.270107677015425
68,1,0,68,0.08104276657104492,5.3103155408677285
69,2,0,69,0.14531946182250977,5.3223483496014445
70,1,0,70,0.0918722152709961,5.356696504637582
71,1,0,71,0.08655238151550293,5.390012733867668
72,1,0,72,0.0783994197845459,5.43026847768708
73,1,0,73,0.08276176452636719,5.46535611775034
74,1,0,74,0.08388781547546387,5.500714079018128
75,1,0,75,0.24089312553405762,5.4728044645105
76,0,1,76,0.08243966102600098,5.508992232210634
77,0,1,77,0.08125710487365723,5.544883806810539
78,0,1,78,0.08479809761047363,5.57789879182929
79,1,0,79,0.08965754508972168,5.609812890443636
80,1,0,80,0.08166050910949707,5.641062695685818
81,1,0,81,0.0891578197479248,5.671000830706335
82,1,0,82,0.08433890342712402,5.705038375357974
83,0,1,83,0.08069705963134766,5.739308110544506
84,1,0,84,0.08367013931274414,5.770108651726935
85,0,1,85,0.08407187461853027,5.801957192311429
86,0,1,86,0.08336400985717773,5.833196992050289
87,1,0,87,0.08129310607910156,5.865122000845989
88,1,0,88,0.07922244071960449,5.896852030547363
89,1,0,89,0.0860738754272461,5.924579509312214
90,0,1,90,0.09037160873413086,5.951786268124446
91,1,0,91,0.10207962989807129,5.970107112026457
92,1,0,92,0.08223700523376465,6.000246617875305
93,0,1,93,0.08254361152648926,6.028022659427543
94,0,1,94,0.08507466316223145,6.055509482823009
95,1,0,95,0.08822321891784668,6.082650207428328
96,0,1,96,0.08611011505126953,6.11154602693151
97,0,1,97,0.08580613136291504,6.138947889644982
98,0,1,98,0.07987737655639648,6.167941677671922
99,0,1,99,0.0888214111328125,6.19098706722489
100,0,1,100,0.08071303367614746,6.22051688333403
101,0,1,101,0.09323859214782715,6.241472863979746
102,0,1,102,0.08157205581665039,6.265077719463661
103,0,1,103,0.08504557609558105,6.288971215261256
104,0,1,104,0.08087301254272461,6.314941601780279
105,1,0,105,0.07910585403442383,6.339732245944435
106,0,1,106,0.08791089057922363,6.361020662046804
107,0,1,107,0.08401346206665039,6.386329732850119
108,1,0,108,0.07887625694274902,6.41218397650282
109,0,1,109,0.08335638046264648,6.433706821992331
110,1,0,110,0.08243370056152344,6.45698741748446
111,1,0,111,0.08650875091552734,6.478369658757875
112,1,0,112,0.08424830436706543,6.501488951565157
113,0,1,113,0.08609318733215332,6.522898362563197
114,0,1,114,0.07922554016113281,6.547456375226863
115,0,1,115,0.0872037410736084,6.566398767685014
116,0,1,116,0.08345198631286621,6.589890644951137
117,0,1,117,0.0903935432434082,6.609104562875214
118,0,1,118,0.0770418643951416,6.6352917580883926
119,0,1,119,0.08664441108703613,6.652787417404169
120,0,1,120,0.0826416015625,6.674569887254916
121,0,1,121,0.07973313331604004,6.696335981353575
122,0,1,122,0.08235621452331543,6.716583912971474
123,0,1,123,0.0955343246459961,6.73183780576121
124,0,1,124,0.08031272888183594,6.751278822069429
125,0,1,125,0.08132648468017578,6.77069427162005
126,1,1,126,0.14622879028320312,6.766644409188143
127,2,0,127,0.14722990989685059,6.762478552277017
128,1,1,128,0.14360523223876953,6.760673606095267
129,1,1,129,0.14539432525634766,6.756227832550806
130,2,0,130,0.15481352806091309,6.749898487136788
131,1,1,131,0.1504652500152588,6.742808564609321
132,2,0,132,0.13588476181030273,6.745704784517409
133,0,1,133,0.08311772346496582,6.766506472693679
134,0,1,134,0.08799862861633301,6.783210243011089
135,0,1,135,0.08090353012084961,6.8042818721732745
136,0,1,136,0.0833439826965332,6.8216181154227735
137,0,1,137,0.08886122703552246,6.837395749046314
138,0,1,138,0.0791020393371582,6.858456610270097
139,0,1,139,0.08354401588439941,6.874286954638142
140,0,1,140,0.08630084991455078,6.891334942227698
141,0,1,141,0.08239173889160156,6.909352967558301
142,0,1,142,0.08440232276916504,6.925767647143232
143,0,1,143,0.07774782180786133,6.94470665007199
144,0,1,144,0.0838165283203125,6.959546351439361
145,0,1,145,0.09071803092956543,6.974262726972215
146,1,0,146,0.07780718803405762,6.990129869940116
147,1,0,147,0.08182454109191895,7.005182364873404
148,1,0,148,0.08924603462219238,7.0187172466613355
149,0,1,149,0.08211421966552734,7.037498817185776
150,0,1,150,0.08359336853027344,7.053445738566182
151,0,1,151,0.0885462760925293,7.068183901329861
152,1,0,152,0.07973790168762207,7.086601921165289
153,1,0,153,0.08046889305114746,7.101824673953912
154,1,0,154,0.08371090888977051,7.115850760575393
155,1,0,155,0.08029961585998535,7.132562148971108
156,1,0,156,0.08812260627746582,7.145149378953979
157,1,0,157,0.08155322074890137,7.162206190041381
158,1,0,158,0.08032965660095215,7.177743403364942
159,1,0,159,0.08044552803039551,7.191839344440321
160,1,0,160,0.0845174789428711,7.205519287137353
161,0,1,161,0.0945580005645752,7.216704790525391
162,1,0,162,0.07962512969970703,7.230568842311092
163,1,0,163,0.07937359809875488,7.244959266417192
164,1,0,164,0.08061981201171875,7.2591026875262346
165,1,0,165,0.08239531517028809,7.2724043800574085
166,1,0,166,0.07983517646789551,7.287769211870469
167,1,0,167,0.08484148979187012,7.300960788116989
168,1,0,168,0.08219742774963379,7.315153391912649
169,1,0,169,0.08256244659423828,7.3288289742299995
170,2,0,170,0.13976407051086426,7.324486370101152
171,1,1,171,0.15256190299987793,7.314716205667397
172,1,1,172,0.15251421928405762,7.304231994918892
173,2,0,173,0.144639253616333,7.300572972780015
174,2,0,174,0.162125825881958,7.2888511429499365
175,2,0,175,0.148331880569458,7.282739417278214
176,1,0,176,0.08690810203552246,7.29547435152778
177,1,0,177,0.07934045791625977,7.3107276915124055
178,0,0,178,0.021988630294799805,7.340965962642874
179,0,1,179,0.07966279983520508,7.354824184699461
180,1,0,180,0.09119296073913574,7.364144397544925
181,1,0,181,0.08431744575500488,7.374119140729704
182,0,1,182,0.08419394493103027,7.386428858548007
183,1,0,183,0.08128976821899414,7.399321112410712
184,1,0,184,0.07968592643737793,7.41248030343002
185,1,0,185,0.08631110191345215,7.422719520639704
186,1,0,186,0.07748723030090332,7.437314249597785
187,1,0,187,0.08309030532836914,7.447624535998141
188,0,0,188,0.021821975708007812,7.4774538398800345
189,0,0,189,0.019982576370239258,7.508286726724995
190,1,0,190,0.08442211151123047,7.519453238384322
191,0,0,191,0.0190887451171875,7.550501467424601
192,1,0,192,0.10142374038696289,7.5558490675867
193,1,0,193,0.09409880638122559,7.564717454439833
194,2,0,194,0.16191601753234863,7.551611513823933
195,0,0,195,0.020989656448364258,7.580986884099771
196,1,0,196,0.09246706962585449,7.589618361700202
197,1,1,197,0.155409574508667,7.577700081626386
198,1,1,198,0.1462230682373047,7.56970493350368
199,1,1,199,0.1421980857849121,7.563592603312383
200,1,1,200,0.14783143997192383,7.555089229827359
201,1,1,201,0.14122700691223145,7.549840209524014
202,2,0,202,0.14066123962402344,7.542699682285866
203,2,0,203,0.1488351821899414,7.533598193756392
204,2,0,204,0.14144206047058105,7.529317217098278
205,2,0,205,0.15070343017578125,7.521162468042384
206,2,0,206,0.1505873203277588,7.51441136633106
207,2,0,207,0.16733574867248535,7.503721265997128
208,2,0,208,0.1609783172607422,7.4946727629490395
209,2,0,209,0.16254425048828125,7.483764893125598
210,2,0,210,0.33962416648864746,7.426352580537507
211,2,0,211,0.16698789596557617,7.415825337422856
212,2,0,212,0.17520761489868164,7.403564078707715
213,2,0,213,0.16661882400512695,7.3918794143688
214,2,0,214,0.16890668869018555,7.381709927612649
215,2,0,215,0.1744849681854248,7.367015347003706
216,2,0,216,0.1636202335357666,7.356263015378287
217,2,0,217,0.1622450351715088,7.3473213723376425
218,2,0,218,0.17404937744140625,7.336007669783395
219,2,0,219,0.16716265678405762,7.325051350176505
220,2,0,220,0.17135024070739746,7.315352370279298
221,2,0,221,0.1759781837463379,7.304649106048076
222,2,0,222,0.16679644584655762,7.294808451122843
223,2,0,223,0.16996979713439941,7.285525642110844
224,2,0,224,0.17041826248168945,7.273490359795128
225,2,0,225,0.16929364204406738,7.2619140334648975
226,2,0,226,0.1808948516845703,7.248207822625343
227,2,0,227,0.17577147483825684,7.237841238402625
228,1,1,228,0.18644142150878906,7.224393501741373
229,1,1,229,0.17736220359802246,7.2119027919366605
230,1,1,230,0.16866040229797363,7.202855726569064
231,1,1,231,0.1766953468322754,7.189959408831006
232,1,1,232,0.18010854721069336,7.178566809671899
233,1,1,233,0.1787581443786621,7.167611949120466
234,1,1,234,0.1797797679901123,7.156444689020192
235,1,1,235,0.17692303657531738,7.146180688615713
236,1,1,236,0.17653131484985352,7.136249339458291
237,1,1,237,0.1807565689086914,7.124661640406443
238,1,1,238,0.18466639518737793,7.113618850038614
239,1,1,239,0.17798066139221191,7.1017289535264885
240,1,1,240,0.1831207275390625,7.0907594179385764
241,1,1,241,0.1949446201324463,7.075695991219542
242,2,0,242,0.17015624046325684,7.067384772900126
243,2,0,243,0.18401885032653809,7.0551039826320885
244,2,0,244,0.17201447486877441,7.047564160103117
245,2,0,245,0.18691635131835938,7.0349764758217175
246,1,0,246,0.09932684898376465,7.0401513239938565
247,1,0,247,0.09685635566711426,7.04769682418254
248,1,0,248,0.10393261909484863,7.05261197721736
249,1,0,249,0.10012388229370117,7.0597810279011775
250,1,0,250,0.10308599472045898,7.065285792803414
251,1,0,251,0.10369181632995605,7.0715164756136835
252,1,0,252,0.09619808197021484,7.07948957649236
253,1,0,253,0.10146021842956543,7.084744124612255
254,1,0,254,0.10499453544616699,7.090111191189124
255,1,0,255,0.11074566841125488,7.09244583437386
256,1,0,256,0.10594797134399414,7.096112622426636
257,1,0,257,0.09436440467834473,7.1043024807927955
258,1,0,258,0.09545707702636719,7.110032607265518
259,1,0,259,0.10367822647094727,7.114502324387867
260,1,0,260,0.09997940063476562,7.121038637166835
261,1,0,261,0.09670138359069824,7.127487231262597
262,1,0,262,0.09778261184692383,7.133604272519496
263,1,0,263,0.11031007766723633,7.136878111958184
264,1,0,264,0.10544514656066895,7.140453208863973
265,1,0,265,0.09380936622619629,7.148265330865014
266,1,0,266,0.09604763984680176,7.153638398056205
267,1,0,267,0.09887886047363281,7.159125294470772
268,1,0,268,0.10802364349365234,7.1629155037487156
269,1,0,269,0.09739160537719727,7.168262978049215
270,2,0,270,0.16951203346252441,7.160141965616397
271,2,0,271,0.16916155815124512,7.151693838326092
272,2,0,272,0.17229580879211426,7.142056242483622
273,2,0,273,0.1620955467224121,7.135140050129711
274,2,0,274,0.17310762405395508,7.126985888696969
275,2,0,275,0.16626954078674316,7.1197584596935855
276,2,0,276,0.1603553295135498,7.115080162605165
277,2,0,277,0.17127728462219238,7.107491268835945
278,3,0,278,0.23239731788635254,7.088367486794774
279,2,0,279,0.16456913948059082,7.0807171176551265
280,3,0,280,0.23707103729248047,7.062531200628197
281,3,0,281,0.23148822784423828,7.044320217596803
282,3,0,282,0.243394136428833,7.023253374187018
283,2,0,283,0.1560211181640625,7.019871765934795
284,2,0,284,0.16908931732177734,7.012251725108968
285,2,0,285,0.162308931350708,7.008161619221128
286,2,0,286,0.15772676467895508,7.003899911005227
287,2,0,287,0.17565417289733887,6.995808164845944
288,2,0,288,0.15989923477172852,6.990871421856131
289,2,0,289,0.15993189811706543,6.985588755782225
290,2,0,290,0.1686396598815918,6.97880213257277
291,2,0,291,0.1725311279296875,6.970784934705179
292,2,0,292,0.15776467323303223,6.965673880249925
293,2,0,293,0.1669774055480957,6.959168320397105
294,3,0,294,0.23042917251586914,6.9438465372457765
295,3,0,295,0.2344982624053955,6.928428960912221
296,3,0,296,0.231673002243042,6.912055575351828
297,2,0,297,0.1550290584564209,6.909748573078741
298,2,0,298,0.3248443603515625,6.878113294568054
299,2,0,299,0.15987348556518555,6.874581827213665
300,2,0,300,0.17651677131652832,6.867370928858228
301,2,0,301,0.15943551063537598,6.86329328349592
302,2,0,302,0.15937399864196777,6.859115873215894
303,2,0,303,0.16838908195495605,6.854057721768893
304,2,0,304,0.15929055213928223,6.849186250214798
305,2,0,305,0.17145371437072754,6.843160263395688
306,3,0,306,0.23763012886047363,6.826572332458258
307,3,0,307,0.2414717674255371,6.809876611974773
308,2,0,308,0.16611099243164062,6.80574379639881
309,3,0,309,0.2328357696533203,6.79184964377296
310,1,1,310,0.1697075366973877,6.785751857841605
311,1,1,311,0.15779852867126465,6.78151717041118
312,2,0,312,0.1619863510131836,6.7770550984380105
313,2,0,313,0.16692042350769043,6.77255796192828
314,2,0,314,0.1618661880493164,6.76960820649899
315,1,1,315,0.1608426570892334,6.76603025973495
316,2,0,316,0.17330360412597656,6.760787515916211
317,2,0,317,0.16491341590881348,6.756032485231203
318,1,1,318,0.16011357307434082,6.753166591417349
319,1,1,319,0.17342805862426758,6.747548389816781
320,1,1,320,0.1641385555267334,6.742851765364439
321,1,1,321,0.17981672286987305,6.7372228716310225
322,1,1,322,0.1800522804260254,6.731422406064019
323,1,1,323,0.1719508171081543,6.727159010261434
324,1,1,324,0.1889662742614746,6.719496214935312
325,1,1,325,0.17467641830444336,6.713847731562642
326,0,1,326,0.09014153480529785,6.720445495705528
327,1,0,327,0.09568905830383301,6.727001976227938
328,1,0,328,0.09751081466674805,6.732489151409295
329,1,0,329,0.10062360763549805,6.737443181145178
330,2,0,330,0.16310501098632812,6.734439534947968
331,2,0,331,0.1602921485900879,6.731479439517994
332,2,0,332,0.1749250888824463,6.726255066226307
333,2,0,333,0.16446542739868164,6.722266401650739
334,2,0,334,0.15798115730285645,6.720074858954572
335,2,0,335,0.1653575897216797,6.715748778529354
336,2,0,336,0.16560745239257812,6.712525758612295
337,2,0,337,0.1601243019104004,6.710336319682394
338,2,0,338,0.16936898231506348,6.70574787666377
339,2,0,339,0.1600792407989502,6.703752152264096
340,2,0,340,0.15622639656066895,6.701227676152646
341,2,0,341,0.16426897048950195,6.697079998396174
342,2,0,342,0.15787696838378906,6.694652767489211
343,2,0,343,0.18405413627624512,6.687960119506554
344,2,0,344,0.16383695602416992,6.6836351057798415
345,2,0,345,0.16069293022155762,6.680862749974245
346,2,0,346,0.15862083435058594,6.678179871252417
347,2,0,347,0.16556978225708008,6.674602200656134
348,2,0,348,0.16226458549499512,6.67223455933646
349,2,0,349,0.15410184860229492,6.670108848186707
350,2,0,350,0.16830968856811523,6.665576537868598
351,2,0,351,0.15769648551940918,6.662183326852015
352,1,1,352,0.16039299964904785,6.65898070478946
353,1,1,353,0.16641831398010254,6.655541196996083
354,1,1,354,0.15867924690246582,6.653879658194568
355,2,0,355,0.15930700302124023,6.650985295771156
356,2,0,356,0.17265725135803223,6.646915528988133
357,2,0,357,0.16045355796813965,6.643873809862989
358,1,1,358,0.16476011276245117,6.64061131092775
359,1,1,359,0.18021440505981445,6.6360095280916696
360,1,1,360,0.16247272491455078,6.632329027173685
361,2,0,361,0.1634657382965088,6.629606150422447
362,1,1,362,0.16185379028320312,6.626983429613283
363,2,0,363,0.15518474578857422,6.625067516597411
364,2,0,364,0.16731715202331543,6.620833001690336
365,2,0,365,0.15787005424499512,6.6192846120070525
366,1,1,366,0.15732049942016602,6.616622795429777
367,2,0,367,0.16864776611328125,6.612566111235043
368,2,0,368,0.15890717506408691,6.611001185497092
369,2,0,369,0.17276334762573242,6.606881240766332
370,2,0,370,0.16993403434753418,6.602769862402485
371,2,0,371,0.15630769729614258,6.600263255226671
372,2,0,372,0.15786075592041016,6.597523215873825
373,2,0,373,0.16108393669128418,6.594689568094194
374,2,0,374,0.16231846809387207,6.592124684006742
375,2,0,375,0.15905332565307617,6.590060663883552
376,1,1,376,0.1601853370666504,6.587469623990609
377,1,1,377,0.32070112228393555,6.566726240185719
378,2,0,378,0.15451884269714355,6.565559321541453
379,3,0,379,0.2220919132232666,6.555519440741263
380,3,0,380,0.22932672500610352,6.545153925608817
381,3,0,381,0.2316429615020752,6.535691684801612
382,3,0,382,0.230360746383667,6.524911048622447
383,3,0,383,0.23198556900024414,6.515508094128024
384,3,0,384,0.21975207328796387,6.506119648710935
385,3,0,385,0.24347257614135742,6.494439060252973
386,3,0,386,0.22327351570129395,6.486041149638342
387,3,0,387,0.2315967082977295,6.476212606235387
388,3,0,388,0.21903538703918457,6.467229899874193
389,2,1,389,0.23055553436279297,6.4573283310059395
390,3,0,390,0.22537875175476074,6.447814840296417
391,3,0,391,0.23545622825622559,6.4383768029171575
392,2,1,392,0.22414326667785645,6.429630154399104
393,3,0,393,0.23377227783203125,6.420226432548258
394,3,0,394,0.24409151077270508,6.4092936702265
395,3,0,395,0.24339008331298828,6.399823902195197
396,3,0,396,0.23442578315734863,6.391112791214735
397,3,0,397,0.22790265083312988,6.382298314448152
398,2,1,398,0.23254942893981934,6.373829093119753
399,3,0,399,0.22430133819580078,6.365190849385055
400,3,0,400,0.23427724838256836,6.356393512030799
401,3,0,401,0.221635103225708,6.3480632711624185
402,2,1,402,0.226701021194458,6.339638029652429
403,3,0,403,0.23792743682861328,6.330734342174712
404,3,0,404,0.2364504337310791,6.321690580543878
405,2,1,405,0.22038030624389648,6.314458872064389
406,3,0,406,0.2371995449066162,6.305057608821177
407,2,1,407,0.2227950096130371,6.297604783253019
408,2,0,408,0.16792058944702148,6.295506950415377
409,2,0,409,0.15914487838745117,6.293654077921598
410,2,0,410,0.15242457389831543,6.293022947365057
411,2,0,411,0.16908502578735352,6.291536848544685
412,2,0,412,0.15798592567443848,6.289918908700083
413,2,0,413,0.15911626815795898,6.2883364293821655
414,2,0,414,0.1641995906829834,6.286588221851841
415,2,0,415,0.15690851211547852,6.28589604164411
416,2,0,416,0.15782785415649414,6.284596989335119
417,2,0,417,0.15869617462158203,6.283199356212896
418,2,0,418,0.15894651412963867,6.281837995066653
419,2,0,419,0.15556716918945312,6.2810328508420055
420,2,0,420,0.1605691909790039,6.2792783711948
421,2,0,421,0.16096711158752441,6.278144186929972
422,2,0,422,0.15058231353759766,6.277894772878006
423,2,0,423,0.16820836067199707,6.27651553377201
424,2,0,424,0.15996098518371582,6.274830879980879
425,2,0,425,0.15859127044677734,6.273777351609251
426,2,0,426,0.1660780906677246,6.271978987618078
427,2,0,427,0.1571044921875,6.271567596026972
428,2,0,428,0.16170024871826172,6.269877360084369
429,2,0,429,0.16956233978271484,6.268007449878335
430,2,0,430,0.16517996788024902,6.265834819277613
431,2,0,431,0.15575718879699707,6.265431729777318
432,2,0,432,0.16280150413513184,6.2635462468797884
433,2,0,433,0.16237592697143555,6.262527044557215
434,2,0,434,0.158522367477417,6.261835031438295
435,2,0,435,0.1677389144897461,6.259836529578227
436,2,0,436,0.15778374671936035,6.259644715268737
437,2,0,437,0.16623234748840332,6.257831198015139
438,2,0,438,0.16835451126098633,6.256706786186471
439,2,0,439,0.16010785102844238,6.25626439874767
440,2,0,440,0.1539292335510254,6.255595471959953
441,2,0,441,0.15920519828796387,6.254060377778926
442,2,0,442,0.30444908142089844,6.240071902037715
443,2,0,443,0.15653109550476074,6.238820563714281
444,2,0,444,0.15727639198303223,6.2377542882457355
445,2,0,445,0.23738956451416016,6.229901015028132
446,2,0,446,0.24135375022888184,6.221835384905398
447,2,0,447,0.21383929252624512,6.215600601679897
448,2,0,448,0.20844221115112305,6.210986952145173
449,2,0,449,0.19846725463867188,6.206999534620672
450,2,0,450,0.19332146644592285,6.202608797812008
451,2,0,451,0.17614507675170898,6.2004495140534965
452,2,0,452,0.16933226585388184,6.198787250568818
453,2,0,453,0.18771934509277344,6.195027464114021
454,1,0,454,0.10984206199645996,6.198178673948005
455,1,0,455,0.10296201705932617,6.201875335712736
456,1,0,456,0.09869122505187988,6.206638970976367
457,1,0,457,0.10140395164489746,6.210726872424477
458,1,0,458,0.0962982177734375,6.215592709589643
459,1,0,459,0.10005593299865723,6.219643146553384
460,1,0,460,0.0894005298614502,6.224861611772631
461,1,0,461,0.09169721603393555,6.229018420464682
462,1,0,462,0.09789538383483887,6.232855441887488
463,1,0,463,0.09181571006774902,6.237622629010314
464,1,0,464,0.10490894317626953,6.240818583093521
465,1,0,465,0.09568619728088379,6.245792427280346
466,1,0,466,0.0898275375366211,6.250526146412933
467,1,0,467,0.0937354564666748,6.254473685491131
468,1,0,468,0.1070561408996582,6.257544800340753
469,1,0,469,0.08618640899658203,6.26226507889647
470,1,0,470,0.08844447135925293,6.267491512771062
471,1,0,471,0.09383082389831543,6.272471904332957
472,1,0,472,0.09565544128417969,6.276359042759634
473,1,0,473,0.09621477127075195,6.280367758445536
474,1,0,474,0.09192991256713867,6.284941558629203
475,1,0,475,0.10663008689880371,6.287768197477366
476,1,0,476,0.09891891479492188,6.291410050237312
477,1,0,477,0.08976340293884277,6.296238824966275
478,1,0,478,0.09409928321838379,6.301255559728991
479,2,0,479,0.15734577178955078,6.300254331479775
480,2,0,480,0.16806745529174805,6.298333228781672
481,2,0,481,0.15886640548706055,6.296693749569132
482,1,1,482,0.1653118133544922,6.294979654041721
483,1,1,483,0.16617155075073242,6.293767239424722
484,2,0,484,0.16806864738464355,6.292370480342505
485,3,0,485,0.24771881103515625,6.283881318763169
486,2,1,486,0.23282384872436523,6.276531319007881
487,3,0,487,0.2535209655761719,6.2674131414612555
488,3,0,488,0.24224281311035156,6.259921587279393
489,3,0,489,0.23287677764892578,6.253328516119741
490,3,0,490,0.24366450309753418,6.245174831892277
491,3,0,491,0.23567867279052734,6.238430704856582
492,3,0,492,0.24208569526672363,6.230538035098846
493,2,1,493,0.23207902908325195,6.224132325513178
494,3,0,494,0.24582695960998535,6.215991578427222
495,3,0,495,0.23155999183654785,6.2100078888061345
496,3,1,496,0.316241979598999,6.197527393133503
497,3,1,497,0.30727410316467285,6.185208694056601
498,3,1,498,0.3007633686065674,6.174112108440875
499,2,2,499,0.3091559410095215,6.162141273432969
500,2,0,500,0.16564154624938965,6.160485827055266
501,2,1,501,0.2404336929321289,6.1541146599841206
502,2,1,502,0.23252224922180176,6.148006098459153
503,2,0,503,0.16944122314453125,6.1461065669524455
504,2,0,504,0.1716008186340332,6.14411182346377
505,2,1,505,0.23395824432373047,6.137605268570117
506,2,0,506,0.16795754432678223,6.136082786502157
507,1,0,507,0.0974276065826416,6.139535518622879
508,2,0,508,0.1621720790863037,6.1385587188764354
509,2,0,509,0.17451143264770508,6.136999978512315
510,1,0,510,0.09813523292541504,6.140892143449656
511,1,0,511,0.09724831581115723,6.144898998451026
512,1,0,512,0.09509849548339844,6.149142128152774
513,0,1,513,0.09690737724304199,6.153004211712629
514,1,0,514,0.10249686241149902,6.15645700126917
515,1,0,515,0.10495948791503906,6.160169627592147
516,0,1,516,0.09441733360290527,6.164753646230171
517,0,1,517,0.09375715255737305,6.1686543955612265
518,1,0,518,0.09358549118041992,6.1725871702040624
519,0,1,519,0.10803604125976562,6.175556107956502
520,1,0,520,0.1104731559753418,6.177935187521292
521,1,0,521,0.10399317741394043,6.180996223227416
522,0,1,522,0.10904955863952637,6.183530471563436
523,1,0,523,0.09679245948791504,6.187263569873856
524,0,1,524,0.09196782112121582,6.191590989985576
525,0,1,525,0.09053516387939453,6.195441473122355
526,1,0,526,0.09837627410888672,6.198691247924512
527,1,0,527,0.09720611572265625,6.20252218316151
528,1,0,528,0.09464621543884277,6.206495894818994
529,0,1,529,0.09776735305786133,6.210048405023219
530,1,0,530,0.09281635284423828,6.21403886577481
531,0,1,531,0.08916068077087402,6.217979106963216
532,0,1,532,0.09998321533203125,6.222074275470346
533,1,0,533,0.11001968383789062,6.22504117006794
534,1,1,534,0.16347432136535645,6.223726056437546
535,1,1,535,0.31850171089172363,6.211675423652956
536,0,0,536,0.019458293914794922,6.220851591812839
537,0,0,537,0.02454376220703125,6.22985400289334
538,0,1,538,0.09561657905578613,6.234110836219043
539,0,1,539,0.09791398048400879,6.237599116871151
540,0,2,540,0.1670389175415039,6.2362821737989
541,2,0,541,0.1627793312072754,6.234648755850671
542,1,1,542,0.16244292259216309,6.2339226220462365
543,1,1,543,0.16817450523376465,6.232670962605141
544,1,1,544,0.16953134536743164,6.230794587410286
545,0,2,545,0.16565322875976562,6.22917762505362
546,0,2,546,0.17169761657714844,6.227944669273629
547,2,0,547,0.15769600868225098,6.226853628727399
548,1,1,548,0.16380953788757324,6.225461096788144
549,2,0,549,0.17046356201171875,6.224126376871712
550,2,0,550,0.16476225852966309,6.222382541938185
551,1,1,551,0.15560007095336914,6.222316035222907
552,2,0,552,0.17975711822509766,6.2196777247114765
553,2,0,553,0.17512845993041992,6.218253899858662
554,0,2,554,0.16481471061706543,6.21685176452089
555,1,1,555,0.17771458625793457,6.2151225037192
556,2,0,556,0.1684272289276123,6.213865495591655
557,1,1,557,0.1696314811706543,6.212048625939608
558,1,1,558,0.1865832805633545,6.209028081091343
559,1,1,559,0.15222859382629395,6.2083965776667585
560,0,1,560,0.09270882606506348,6.212754720312117
561,0,0,561,0.028891563415527344,6.220654160983435
562,1,1,562,0.19123482704162598,6.2172525487569645
563,0,1,563,0.1092376708984375,6.219847476012211
564,0,1,564,0.10548806190490723,6.222546494066509
565,0,1,565,0.11850929260253906,6.224083196624646
566,0,1,566,0.1046457290649414,6.227509800353808
567,0,1,567,0.10242199897766113,6.230193779359813
568,1,0,568,0.11132669448852539,6.233079033856539
569,0,1,569,0.10679006576538086,6.235653373577687
570,1,0,570,0.1256542205810547,6.236970628827512
571,1,0,571,0.12352299690246582,6.238395929778245
572,0,1,572,0.10918951034545898,6.2407499502954575
573,0,1,573,0.1145474910736084,6.24287431164405
574,1,0,574,0.12444376945495605,6.244456354050437
575,1,0,575,0.11596822738647461,6.246434761706494
576,1,0,576,0.10352635383605957,6.24975266991467
577,1,0,577,0.10193395614624023,6.2533534988848665
578,0,0,578,0.021901369094848633,6.262228279200447
579,0,0,579,0.03792858123779297,6.269890565211796
580,0,0,580,0.023450136184692383,6.278630830244507
581,0,0,581,0.02792215347290039,6.286946803729772
582,1,0,582,0.12284159660339355,6.2881747882582335
583,1,0,583,0.09505295753479004,6.291263776532331
584,1,0,584,0.09594464302062988,6.294493189968335
585,1,0,585,0.10996651649475098,6.296935512553081
586,2,0,586,0.17813587188720703,6.2946102549787435
587,2,0,587,0.16467785835266113,6.293579573830137
588,2,0,588,0.16951489448547363,6.2923750238450005
589,1,1,589,0.16979527473449707,6.290354600560347
590,2,0,590,0.16205263137817383,6.288798545596282
591,2,0,591,0.16829419136047363,6.287439140245718
592,3,0,592,0.23171019554138184,6.2813196318526385
593,2,0,593,0.17605137825012207,6.278943648280436
594,2,1,594,0.24342966079711914,6.27250004551271
595,1,1,595,0.1621086597442627,6.271880549012134
596,2,1,596,0.23961949348449707,6.265799495984926
597,3,0,597,0.24028897285461426,6.259675126094357
598,3,0,598,0.24334239959716797,6.2534830886258295
599,3,0,599,0.22757744789123535,6.2478749651552
600,2,2,600,0.30939197540283203,6.237483321908567
601,3,1,601,0.30367493629455566,6.226984188748571
602,3,1,602,0.2976260185241699,6.217358864831877
603,3,1,603,0.29730772972106934,6.207509593301131
604,2,2,604,0.2917051315307617,6.198268481425166
605,3,1,605,0.312558650970459,6.188158854209978
606,2,2,606,0.29968929290771484,6.178468811519775
607,3,1,607,0.3030202388763428,6.168603136502639
608,4,1,608,0.40865039825439453,6.152406567214708
609,4,1,609,0.3839993476867676,6.137890986675467
610,4,1,610,0.3689582347869873,6.1246431263866326
611,4,1,611,0.37682342529296875,6.111190517582896
612,3,2,612,0.37717533111572266,6.097273732357861
613,3,2,613,0.5147733688354492,6.074986324473084
614,2,2,614,0.34972691535949707,6.063024096986852
615,2,2,615,0.32285618782043457,6.052943667067666
616,2,2,616,0.3372159004211426,6.041646966903263
617,4,1,617,0.40323352813720703,6.027211735282155
618,3,1,618,0.30815720558166504,6.018562569695454
619,3,1,619,0.31924986839294434,6.009262118783715
620,4,1,620,0.3991127014160156,5.995162475771371
621,3,2,621,0.3971729278564453,5.981293112780484
622,3,2,622,0.39331817626953125,5.967506480812003
623,4,1,623,0.3860049247741699,5.954201705332316
624,4,1,624,0.37305641174316406,5.94231372846172
625,4,1,625,0.3760406970977783,5.9303147969785535
626,4,1,626,0.37310290336608887,5.917800996959738
627,5,0,627,0.3728902339935303,5.905412382937049
628,3,2,628,0.3919243812561035,5.892700569703081
629,4,1,629,0.36759138107299805,5.88128308740745
630,4,0,630,0.31288886070251465,5.873063657475832
631,3,1,631,0.31989049911499023,5.863944589962239
632,4,0,632,0.36880922317504883,5.852634205992742
633,4,0,633,0.32239580154418945,5.8434772540267055
634,4,0,634,0.32685256004333496,5.834761304251176
635,4,0,635,0.3074178695678711,5.826475460886736
636,4,0,636,0.31832027435302734,5.818344735438844
637,3,1,637,0.30686378479003906,5.810795460297777
638,4,0,638,0.31026196479797363,5.8031821481922226
639,4,0,639,0.33751416206359863,5.7934811242842885
640,4,0,640,0.31736063957214355,5.785566087729051
641,4,0,641,0.3007991313934326,5.7782694675370845
642,2,1,642,0.2382369041442871,5.774061926397143
643,4,0,643,0.3138866424560547,5.76609488983568
644,2,1,644,0.2420966625213623,5.761809855698406
645,4,0,645,0.3076670169830322,5.754558440914918
646,4,0,646,0.31349754333496094,5.746408024671291
647,4,0,647,0.32250118255615234,5.7381758355497485
648,4,0,648,0.31534695625305176,5.730040626209926
649,3,1,649,0.2999241352081299,5.7230716240106325
650,4,0,650,0.4558241367340088,5.708375459675855
651,4,0,651,0.30141592025756836,5.701204504490666
652,3,0,652,0.24195599555969238,5.697190721440939
653,3,1,653,0.32619690895080566,5.6891441326017675
654,3,0,654,0.24159646034240723,5.684999616817021
655,4,0,655,0.3111081123352051,5.677921734852116
656,3,0,656,0.2407693862915039,5.673913768590849
657,3,0,657,0.24596357345581055,5.6699382844796915
658,2,1,658,0.24430584907531738,5.6664290594627404
659,4,0,659,0.3132438659667969,5.659386418750658
660,3,0,660,0.2391223907470703,5.655630679850907
661,3,1,661,0.31658458709716797,5.64828830723263
662,3,0,662,0.237135648727417,5.644999044725209
663,3,0,663,0.25104451179504395,5.640779855957472
664,3,0,664,0.2371671199798584,5.637356744373471
665,3,0,665,0.25041770935058594,5.633211583894175
666,4,0,666,0.32900047302246094,5.625404508018855
667,4,0,667,0.3119847774505615,5.618243401697158
668,3,1,668,0.31902337074279785,5.610779235434362
669,4,0,669,0.3097853660583496,5.604068788235606
670,4,0,670,0.3278045654296875,5.596796262250459
671,3,0,671,0.24168181419372559,5.593124887599797
672,3,0,672,0.2493445873260498,5.589317501571691
673,4,0,673,0.31422948837280273,5.582162797276478
674,3,1,674,0.31046414375305176,5.575306051656187
675,3,1,675,0.3188178539276123,5.568079945613992
676,3,1,676,0.31627774238586426,5.561306812769641
677,2,2,677,0.3167567253112793,5.554565369545529
678,3,1,678,0.3141636848449707,5.547920676094573
679,2,2,679,0.3106200695037842,5.541362879564395
680,2,2,680,0.33757472038269043,5.5335368986872995
681,2,2,681,0.3260350227355957,5.526115073949441
682,3,0,682,0.24212169647216797,5.522589501833897
683,2,2,683,0.3247072696685791,5.515784661417864
684,2,2,684,0.3150792121887207,5.509041878041302
685,2,2,685,0.3153042793273926,5.502591799699851
686,2,2,686,0.3215517997741699,5.495837266379467
687,2,2,687,0.3133275508880615,5.489615304578555
688,2,2,688,0.32745814323425293,5.482581261791536
689,3,1,689,0.3168516159057617,5.475965370026045
690,4,1,690,0.3859977722167969,5.466613063164591
691,3,2,691,0.4021127223968506,5.456846258549429
692,5,0,692,0.5380842685699463,5.441300971501654
693,4,1,693,0.39583587646484375,5.431897877266755
694,5,0,694,0.3982398509979248,5.42217153381259
695,3,1,695,0.3329615592956543,5.415450015888687
696,3,2,696,0.39174795150756836,5.406108554121743
697,3,2,697,0.3989248275756836,5.396509738066924
698,4,1,698,0.39956068992614746,5.387253978343135
699,4,1,699,0.41114258766174316,5.37747199849709
700,4,1,700,0.39908337593078613,5.368318164100532
701,5,0,701,0.407407283782959,5.3589508621955515
702,5,0,702,0.39142513275146484,5.349974272203341
703,5,0,703,0.4194929599761963,5.339753090370749
704,4,1,704,0.3992495536804199,5.330533833213741
705,4,1,705,0.39606642723083496,5.321875638477732
706,4,1,706,0.39705967903137207,5.3130515355167995
707,5,0,707,0.42447376251220703,5.30324258348596
708,5,0,708,0.40404343605041504,5.294318170817134
709,5,0,709,0.3973407745361328,5.285392502948602
710,4,0,710,0.31652259826660156,5.280021483800485
711,3,1,711,0.3316631317138672,5.273989407232181
712,5,0,712,0.39130210876464844,5.265616230155494
713,4,1,713,0.3995187282562256,5.25679455270462
714,4,0,714,0.32239747047424316,5.25128693160821
715,4,0,715,0.31996655464172363,5.246047016572518
716,4,0,716,0.3208944797515869,5.240554705127888
717,4,0,717,0.3328413963317871,5.23478223176978
718,3,1,718,0.320812463760376,5.229293478011823
719,4,0,719,0.39501953125,5.221254755557825
720,3,1,720,0.33560752868652344,5.215210528511468
721,3,1,721,0.3235926628112793,5.209937209338953
722,4,0,722,0.3193628787994385,5.204784420266035
723,3,1,723,0.3240971565246582,5.199507584728855
724,3,1,724,0.3140218257904053,5.194818600234871
725,3,1,725,0.3482816219329834,5.188396868125609
726,3,1,726,0.41731691360473633,5.179712892931113
727,3,1,727,0.6095383167266846,5.164132274801769
728,3,1,728,0.41412830352783203,5.155813492495237
729,3,1,729,0.34857797622680664,5.1498462612257105
730,3,1,730,0.32202839851379395,5.144729113448197
731,3,1,731,0.3237307071685791,5.139719975505786
732,3,1,732,0.3323945999145508,5.134570144582335
733,3,1,733,0.31557798385620117,5.1291874405852855
734,4,0,734,0.3337137699127197,5.123784181054268
735,3,1,735,0.33065319061279297,5.118692502349141
736,3,1,736,0.3062405586242676,5.11418892290001
737,3,1,737,0.3246912956237793,5.109311547352638
738,3,1,738,0.3199787139892578,5.10472814152306
739,3,1,739,0.31548237800598145,5.100116876220794
740,3,1,740,0.3174111843109131,5.095289516794041
741,3,1,741,0.3157520294189453,5.0905715671451235
742,4,0,742,0.30996251106262207,5.086174351314581
743,3,1,743,0.32418227195739746,5.08152255197137
744,4,0,744,0.30950093269348145,5.077400596268087
745,4,0,745,0.32671117782592773,5.072257199590523
746,4,0,746,0.31058740615844727,5.067716075174889
747,4,0,747,0.3100776672363281,5.063277858117972
748,4,0,748,0.3165421485900879,5.058582654855604
749,3,1,749,0.3294398784637451,5.053525496055193
750,3,1,750,0.32001352310180664,5.048855771294908
751,3,1,751,0.3454861640930176,5.043586612173943
752,2,2,752,0.31065797805786133,5.039284198476543
753,3,1,753,0.31554269790649414,5.03516620434266
754,4,0,754,0.3270609378814697,5.030331666501818
755,4,0,755,0.3263421058654785,5.025510185175438
756,3,1,756,0.3171837329864502,5.020937669132766
757,2,2,757,0.32375001907348633,5.016525727693851
758,2,2,758,0.3139529228210449,5.012448991077189
759,3,1,759,0.3155019283294678,5.008121390085191
760,2,2,760,0.3236846923828125,5.003568557675038
761,3,1,761,0.31494712829589844,4.999509823744838
762,3,1,762,0.3301243782043457,4.99473803073104
763,3,1,763,0.3166043758392334,4.990433804382297
764,4,0,764,0.3215487003326416,4.986141657113903
765,3,1,765,0.340101957321167,4.9813956824860455
766,4,0,766,0.5214684009552002,4.970419442259464
767,3,1,767,0.32887911796569824,4.966018886986958
768,4,0,768,0.33316874504089355,4.961197269314052
769,4,0,769,0.33028697967529297,4.95673403666613
770,3,0,770,0.2600259780883789,4.954486035516917
771,3,0,771,0.2601134777069092,4.9520557228893525
772,3,0,772,0.2833700180053711,4.949226909159141
773,3,0,773,0.2562997341156006,4.946986445322381
774,3,0,774,0.25759243965148926,4.944913526285918
775,3,0,775,0.24957680702209473,4.9431537988323475
776,3,0,776,0.25335025787353516,4.941017265399031
777,3,0,777,0.24825525283813477,4.939304063069729
778,3,0,778,0.25749683380126953,4.937067131177472
779,3,0,779,0.24872040748596191,4.935330753932827
780,3,0,780,0.25436902046203613,4.933281060617819
781,3,0,781,0.2434251308441162,4.931660596284275
782,3,1,782,0.3282475471496582,4.927493724188323
783,4,0,783,0.32323265075683594,4.923266166226107
784,4,0,784,0.31621718406677246,4.919616781667973
785,3,0,785,0.2562897205352783,4.917509227683674
786,2,1,786,0.24289226531982422,4.916019360991719
787,4,0,787,0.321061372756958,4.912187138086823
788,4,0,788,0.3133823871612549,4.90865075643728
789,4,0,789,0.31678175926208496,4.904746816625901
790,4,0,790,0.3204195499420166,4.9009388229673085
791,4,0,791,0.3127105236053467,4.897350384507818
792,4,0,792,0.32212233543395996,4.893388991442603
793,4,0,793,0.3211665153503418,4.889632421140255
794,4,0,794,0.3070535659790039,4.886212352428449
795,4,0,795,0.337200403213501,4.882042647359735
796,4,0,796,0.34003543853759766,4.877701017020155
797,4,0,797,0.33031225204467773,4.8737830227052275
798,4,0,798,0.34064531326293945,4.869344455954777
799,4,0,799,0.3094608783721924,4.865701655048655
800,4,0,800,0.3174600601196289,4.861833538161672
801,4,0,801,0.32685017585754395,4.857904031135468
802,4,0,802,0.3104684352874756,4.854708187084431
803,4,0,803,0.32712483406066895,4.85100907573696
804,4,0,804,0.3193686008453369,4.847189518229004
805,3,1,805,0.31252264976501465,4.843802316251295
806,4,0,806,0.3295276165008545,4.839791190382077
807,4,0,807,0.32662105560302734,4.835768997165103
808,4,0,808,0.3147013187408447,4.832175748393722
809,3,1,809,0.4941272735595703,4.823452705134943
810,4,0,810,0.3722879886627197,4.818490135417665
811,4,0,811,0.32500243186950684,4.814957760896739
812,4,0,812,0.3140261173248291,4.811373867807014
813,4,0,813,0.3216526508331299,4.8077341752149625
814,5,0,814,0.3852839469909668,4.80256763413947
815,5,0,815,0.3857910633087158,4.797406449383179
816,5,0,816,0.393390417098999,4.79198088556137
817,5,0,817,0.3792095184326172,4.786811181698249
818,4,1,818,0.3848135471343994,4.781485627030026
819,3,1,819,0.2997579574584961,4.778727666495654
820,4,0,820,0.3206202983856201,4.775253522629605
821,4,0,821,0.32819247245788574,4.771820808908728
822,4,0,822,0.3036677837371826,4.7687195771374205
823,4,0,823,0.31366801261901855,4.765590077803426
824,4,0,824,0.32367825508117676,4.762167252800522
825,5,0,825,0.3951716423034668,4.756563924391883
826,4,1,826,0.3979475498199463,4.751146770673753
827,5,0,827,0.38901567459106445,4.74609150843741
828,4,0,828,0.30895042419433594,4.743281430759364
829,5,0,829,0.3832855224609375,4.738119137816297
830,4,0,830,0.3184390068054199,4.7350760147533695
831,5,0,831,0.4069712162017822,4.729466766424386
832,5,0,832,0.40286898612976074,4.7241901092080445
833,4,0,833,0.3179311752319336,4.721136060395772
834,4,0,834,0.32063794136047363,4.717897001162086
835,3,1,835,0.31134986877441406,4.715100498432606
836,3,1,836,0.3182797431945801,4.7118612984703825
837,2,2,837,0.343994140625,4.708050409356412
838,3,1,838,0.31896352767944336,4.704893858734385
839,4,0,839,0.32798004150390625,4.701637218124573
840,4,0,840,0.32553601264953613,4.69816046150659
841,3,1,841,0.31952691078186035,4.695213749832304
842,5,0,842,0.40174412727355957,4.689930552599397
843,3,1,843,0.3375551700592041,4.686450672275972
844,5,0,844,0.39249420166015625,4.6815599621064745
845,3,1,845,0.3245875835418701,4.6783542707908055
846,3,1,846,0.45494961738586426,4.671680506378516
847,3,1,847,0.3287491798400879,4.668369136421021
848,2,2,848,0.30850839614868164,4.665579965229224
849,3,1,849,0.31995058059692383,4.662491524238826
850,2,2,850,0.3442716598510742,4.658940053131015
851,2,2,851,0.31597256660461426,4.655888483327752
852,2,2,852,0.4423534870147705,4.649852481710927
853,3,1,853,0.4577760696411133,4.643532044752084
854,3,1,854,0.3785848617553711,4.639238375575443
855,3,1,855,0.36334681510925293,4.635100184332265
856,3,1,856,0.35444045066833496,4.631321096307096
857,4,1,857,0.4063899517059326,4.626344629452987
858,3,1,858,0.34003186225891113,4.622793575964307
859,4,0,859,0.3411743640899658,4.619564329441986
860,3,1,860,0.37523913383483887,4.615479745275727
861,4,0,861,0.35462450981140137,4.611945724610424
862,3,1,862,0.37757134437561035,4.607859085660852
863,2,2,863,0.4310925006866455,4.60218221072602
864,3,1,864,0.3543527126312256,4.598690089821465
865,4,0,865,0.32083582878112793,4.596006969367441
866,2,2,866,0.308657169342041,4.593587528736675
867,4,0,867,0.32474446296691895,4.590819468647952
868,4,0,868,0.3122844696044922,4.588427266670655
869,4,0,869,0.31724119186401367,4.5856708028534205
870,4,0,870,0.31281304359436035,4.583152963112567
871,3,1,871,0.3175671100616455,4.580389173652214
872,4,1,872,0.3893098831176758,4.57601554859314
873,4,0,873,0.3187415599822998,4.573272506133262
874,4,0,874,0.3039591312408447,4.571010892316073
875,3,1,875,0.332059383392334,4.568092217853808
876,4,0,876,0.31281280517578125,4.565553550505055
877,4,0,877,0.305389404296875,4.563161742134668
878,4,0,878,0.3168208599090576,4.560677373314677
879,4,0,879,0.3151416778564453,4.558071793516327
880,4,0,880,0.31112122535705566,4.55558151363999
881,4,0,881,0.31647753715515137,4.5529351010383845
882,4,0,882,0.3046278953552246,4.550622106801608
883,4,0,883,0.3109712600708008,4.548203449960946
884,4,0,884,0.3100404739379883,4.545998560168344
885,4,0,885,0.4697229862213135,4.5400782193903435
886,4,0,886,0.31188297271728516,4.537854445124855
887,4,0,887,0.3076305389404297,4.53539567729505
888,4,0,888,0.30509471893310547,4.532983079333336
889,4,0,889,0.31560778617858887,4.530367309502289
890,4,0,890,0.31604623794555664,4.527872021485544
891,4,0,891,0.31008481979370117,4.525543716070901
892,4,1,892,0.40694093704223633,4.52085269082461
893,4,1,893,0.38901567459106445,4.516746320918952
894,4,1,894,0.38318872451782227,4.512969170161025
895,3,1,895,0.3049602508544922,4.510962515467619
896,3,1,896,0.3256528377532959,4.508445747049267
897,3,1,897,0.3197774887084961,4.506115206197015
898,3,1,898,0.3066997528076172,4.503973127595247
899,4,1,899,0.3844265937805176,4.500134722530931
900,2,2,900,0.310239315032959,4.498042431665918
