Frame#,Total cars,Frame#,Frame_time#,FPS
,,,,
1,2,1,0.050057411,0.41712968
,,,,
2,2,2,0.022995949,0.820711504
,,,,
3,2,3,0.021961212,1.217276646
,,,,
4,2,4,0.021903515,1.602417435
,,,,
5,2,5,0.023532391,1.975548123
,,,,
6,2,6,0.024856806,2.342999196
,,,,
7,2,7,0.025348902,2.698602441
,,,,
8,2,8,0.02493763,3.048992611
,,,,
9,2,9,0.022458553,3.393955087
,,,,
10,2,10,0.027837038,3.718900246
,,,,
11,2,11,0.043398857,3.998233535
,,,,
12,2,12,0.034850121,4.278203492
,,,,
13,3,13,0.029951096,4.566554028
,,,,
14,3,14,0.035898685,4.828882248
,,,,
15,3,15,0.024958611,5.109113198
,,,,
16,3,16,0.023935556,5.394742854
,,,,
17,3,17,0.025482178,5.668398777
,,,,
18,4,18,0.023158073,5.946034036
,,,,
19,3,19,0.025943041,6.205034243
,,,,
20,3,20,0.020708323,6.475159013
,,,,
21,3,21,0.020948172,6.73361498
,,,,
22,3,22,0.03881979,6.943028972
,,,,
23,3,23,0.026162624,7.183478854
,,,,
24,3,24,0.021941423,7.433287469
,,,,
25,3,25,0.023935556,7.659924303
,,,,
26,3,26,0.02491951,7.889308246
,,,,
27,3,27,0.019461393,8.132412898
,,,,
28,3,28,0.03789854,8.307300886
,,,,
29,3,29,0.026409864,8.5146006
,,,,
30,3,30,0.027886868,8.724534571
,,,,
31,3,31,0.036509752,8.875149417
,,,,
32,3,32,0.029218912,9.059156578
,,,,
33,3,33,0.037859917,9.195316456
,,,,
34,2,34,0.029087305,9.374020472
,,,,
35,1,35,0.033908606,9.511716109
,,,,
36,1,36,0.021099567,9.703535123
,,,,
37,2,37,0.021912336,9.887627987
,,,,
38,1,38,0.024932146,10.05880604
,,,,
39,2,39,0.02394104,10.24294059
,,,,
40,1,40,0.030916214,10.39924736
,,,,
41,2,41,0.036899567,10.51878835
,,,,
42,2,42,0.025930166,10.67970147
,,,,
43,2,43,0.032912254,10.82961475
,,,,
44,2,44,0.024944544,10.97578581
,,,,
45,2,45,0.026932478,11.13279561
,,,,
46,2,46,0.021955013,11.30486373
,,,,
47,2,47,0.028920889,11.43945455
,,,,
48,2,48,0.038145542,11.52673856
,,,,
49,2,49,0.027947664,11.66572486
,,,,
50,2,50,0.030963659,11.76233306
,,,,
51,2,51,0.036906481,11.84769099
,,,,
52,2,52,0.037895918,11.94430361
,,,,
53,2,53,0.020913839,12.09673399
,,,,
54,2,54,0.025928974,12.22333015
,,,,
55,2,55,0.022945166,12.37028922
,,,,
56,2,56,0.026933432,12.50065324
,,,,
57,2,57,0.034907579,12.56996361
,,,,
58,2,58,0.024534225,12.69128419
,,,,
59,2,59,0.02714467,12.8147913
,,,,
60,2,60,0.023934603,12.95341197
,,,,
61,2,61,0.029807329,13.06832308
,,,,
62,2,62,0.031916142,13.14493537
,,,,
63,1,63,0.031914949,13.22550662
,,,,
64,2,64,0.032912254,13.30175571
,,,,
65,2,65,0.024932861,13.39969275
,,,,
66,1,66,0.022938967,13.52241695
,,,,
67,1,67,0.026927233,13.62972051
,,,,
68,1,68,0.022933245,13.75778717
,,,,
69,2,69,0.03093195,13.8503099
,,,,
70,1,70,0.039144278,13.89663035
,,,,
71,1,71,0.020938396,14.01592549
,,,,
72,1,72,0.025943995,14.11653402
,,,,
73,1,73,0.023076534,14.23134927
,,,,
74,1,74,0.027937889,14.32451785
,,,,
75,1,75,0.03771472,14.3577577
,,,,
76,1,76,0.020935774,14.46827698
,,,,
77,1,77,0.022942781,14.56662705
,,,,
78,1,78,0.020948648,14.67454618
,,,,
79,1,79,0.02194643,14.77249889
,,,,
80,1,80,0.033905029,14.83759053
,,,,
81,1,81,0.024937153,14.91742229
,,,,
82,1,82,0.022876978,15.02237079
,,,,
83,1,83,0.027180195,15.11028569
,,,,
84,1,84,0.022938013,15.17928932
,,,,
85,1,85,0.024932861,15.26918397
,,,,
86,1,86,0.023858309,15.3648556
,,,,
87,1,87,0.020938158,15.46475004
,,,,
88,1,88,0.038902283,15.50231609
,,,,
89,1,89,0.023940325,15.59082239
,,,,
90,1,90,0.021945715,15.68948167
,,,,
91,1,91,0.034738779,15.74303168
,,,,
92,1,92,0.031909466,15.79169995
,,,,
93,1,93,0.032227993,15.84005306
,,,,
94,1,94,0.038901806,15.86794366
,,,,
95,1,95,0.022938967,15.95082045
,,,,
96,1,96,0.024932861,16.02747222
,,,,
97,1,97,0.026589394,16.10538565
,,,,
98,1,98,0.02294445,16.19623842
,,,,
99,1,99,0.024933338,16.27032408
,,,,
100,1,100,0.024931669,16.35158681
,,,,
101,1,101,0.020946741,16.44265199
,,,,
102,1,102,0.02294302,16.51610225
,,,,
103,1,103,0.018954515,16.60820255
,,,,
104,1,104,0.033914566,16.64569897
,,,,
105,1,105,0.033897877,16.68041621
,,,,
106,1,106,0.037231445,16.70682228
,,,,
107,1,107,0.021958828,16.78455163
,,,,
108,1,108,0.02094841,16.85978147
,,,,
109,1,109,0.028917789,16.91299476
,,,,
110,1,110,0.033919811,16.92902006
,,,,
111,1,111,0.036896706,16.95214441
,,,,
112,1,112,0.031552553,16.9980824
,,,,
113,1,113,0.036907434,17.01352391
,,,,
114,1,114,0.026927233,17.06899947
,,,,
115,1,115,0.026923895,17.13683562
,,,,
116,1,116,0.023936749,17.21167062
,,,,
117,1,117,0.029925346,17.26640422
,,,,
118,1,118,0.032890558,17.28498016
,,,,
119,1,119,0.032917261,17.31218162
,,,,
120,1,120,0.038234234,17.32393812
,,,,
121,1,121,0.023935556,17.38980032
,,,,
122,1,122,0.030948162,17.44086136
,,,,
123,1,123,0.035935402,17.45458266
,,,,
124,1,124,0.029913425,17.49628569
,,,,
125,1,125,0.03676796,17.5025929
,,,,
126,2,126,0.034429789,17.5324034
,,,,
127,2,127,0.032911301,17.55924099
,,,,
128,2,128,0.035187721,17.57699337
,,,,
129,2,129,0.032526016,17.6096885
,,,,
130,2,130,0.037904501,17.61878115
,,,,
131,2,131,0.021842003,17.68178252
,,,,
132,2,132,0.034813881,17.71174793
,,,,
133,1,133,0.021943331,17.7670643
,,,,
134,1,134,0.020949602,17.83167026
,,,,
135,1,135,0.022964001,17.8837665
,,,,
136,1,136,0.024988651,17.94023218
,,,,
137,1,137,0.029914856,17.9842467
,,,,
138,1,138,0.034390211,17.99404085
,,,,
139,1,139,0.020943403,18.04800764
,,,,
140,1,140,0.03003788,18.0832637
,,,,
141,1,141,0.040886641,18.07057554
,,,,
142,1,142,0.019945383,18.13845714
,,,,
143,1,143,0.031366825,18.16722191
,,,,
144,1,144,0.021946669,18.20972334
,,,,
145,1,145,0.033986568,18.23464831
,,,,
146,1,146,0.038901091,18.24198383
,,,,
147,1,147,0.020628929,18.30500719
,,,,
148,1,148,0.023031712,18.35105288
,,,,
149,1,149,0.030920982,18.38678045
,,,,
150,1,150,0.039899588,18.3874571
,,,,
151,1,151,0.0249331,18.4334087
,,,,
152,1,152,0.021952868,18.49246943
,,,,
153,1,153,0.022944689,18.54139294
,,,,
154,1,154,0.031922579,18.56812304
,,,,
155,1,155,0.03357935,18.57933263
,,,,
156,1,156,0.037442923,18.58576221
,,,,
157,1,157,0.022009611,18.6373609
,,,,
158,1,158,0.029927492,18.66659276
,,,,
159,1,159,0.036900043,18.66447158
,,,,
160,1,160,0.033909082,18.68560589
,,,,
161,1,161,0.022938013,18.72170949
,,,,
162,1,162,0.027340889,18.75876347
,,,,
163,1,163,0.035872459,18.7557152
,,,,
164,1,164,0.03291297,18.77811584
,,,,
165,1,165,0.021940947,18.81629834
,,,,
166,1,166,0.028927803,18.84681776
,,,,
167,1,167,0.034905434,18.84591721
,,,,
168,1,168,0.029776096,18.86938412
,,,,
169,1,169,0.034902811,18.87130861
,,,,
170,2,170,0.034293175,18.88732632
,,,,
171,2,171,0.021734238,18.92834916
,,,,
172,2,172,0.03259325,18.94987267
,,,,
173,2,173,0.033854485,18.96123704
,,,,
174,2,174,0.03689599,18.96494343
,,,,
175,2,175,0.031920671,18.9872366
,,,,
176,1,176,0.027925253,19.00729775
,,,,
177,1,177,0.021935701,19.06191218
,,,,
178,0,178,0.031922102,19.08341448
,,,,
179,1,179,0.028918743,19.10379627
,,,,
180,1,180,0.051859617,19.06770837
,,,,
181,1,181,0.028923988,19.10098963
,,,,
182,1,182,0.029920101,19.10998057
,,,,
183,1,183,0.036902189,19.10892219
,,,,
184,1,184,0.045392513,19.10190165
,,,,
185,1,185,0.024932146,19.12453213
,,,,
186,1,186,0.03490591,19.14500566
,,,,
187,1,187,0.037897587,19.15355753
,,,,
188,0,188,0.029940844,19.18148308
,,,,
189,0,189,0.028923988,19.19370835
,,,,
190,1,190,0.023941517,19.21584324
,,,,
191,0,191,0.026933432,19.24948478
,,,,
192,1,192,0.024933338,19.26639719
,,,,
193,1,193,0.030916452,19.29337201
,,,,
194,2,194,0.024933338,19.31630438
,,,,
195,0,195,0.029919863,19.34479579
,,,,
196,1,196,0.023937225,19.36353409
,,,,
197,2,197,0.026928425,19.39925107
,,,,
198,2,198,0.020949125,19.44991257
,,,,
199,2,199,0.025699854,19.47979317
,,,,
200,2,200,0.025929928,19.51481107
,,,,
201,2,201,0.024933338,19.52876632
,,,,
202,2,202,0.0249331,19.56525789
,,,,
203,2,203,0.029919863,19.59586156
,,,,
204,2,204,0.030917883,19.60180945
,,,,
205,2,205,0.032382011,19.60765951
,,,,
206,2,206,0.026925564,19.6276563
,,,,
207,2,207,0.021937609,19.67432342
,,,,
208,2,208,0.029909849,19.69641571
,,,,
209,2,209,0.035909414,19.6908524
,,,,
210,2,210,0.031920671,19.70410902
,,,,
211,2,211,0.03790617,19.70301426
,,,,
212,2,212,0.027929783,19.73017816
,,,,
213,2,213,0.02793169,19.73982664
,,,,
214,2,214,0.022940159,19.78313113
,,,,
215,2,215,0.025936604,19.81281802
,,,,
216,2,216,0.025930643,19.84660131
,,,,
217,2,217,0.021725178,19.88784811
,,,,
218,2,218,0.035911083,19.89687474
,,,,
219,2,219,0.022936821,19.92465065
,,,,
220,2,220,0.029080391,19.94655968
,,,,
221,2,221,0.036834955,19.93896491
,,,,
222,2,222,0.023955584,19.9708821
,,,,
223,2,223,0.024023771,20.00354231
,,,,
224,2,224,0.021940708,20.04144785
,,,,
225,2,225,0.038888693,20.04445462
,,,,
226,2,226,0.021942139,20.08001785
,,,,
227,2,227,0.023935795,20.10828548
,,,,
228,2,228,0.038894415,20.11335165
,,,,
229,2,229,0.021942854,20.15015228
,,,,
230,2,230,0.024938583,20.17659547
,,,,
231,2,231,0.024928331,20.20785594
,,,,
232,2,232,0.031921387,20.22821379
,,,,
233,2,233,0.035909891,20.22789358
,,,,
234,2,234,0.030910254,20.24292271
,,,,
235,2,235,0.035907984,20.23807785
,,,,
236,2,236,0.022933006,20.26478768
,,,,
237,2,237,0.034912348,20.27548568
,,,,
238,2,238,0.037904024,20.27331018
,,,,
239,2,239,0.03990078,20.2757578
,,,,
240,2,240,0.024928093,20.30561676
,,,,
241,2,241,0.024933338,20.3353145
,,,,
242,2,242,0.027920246,20.3597258
,,,,
243,2,243,0.025930166,20.39252502
,,,,
244,2,244,0.023937941,20.42606373
,,,,
245,2,245,0.021944046,20.45963782
,,,,
246,1,246,0.030921221,20.47312264
,,,,
247,1,247,0.034978867,20.47120621
,,,,
248,1,248,0.037894249,20.47271388
,,,,
249,1,249,0.021922112,20.50277228
,,,,
250,1,250,0.04189539,20.49854117
,,,,
251,1,251,0.020930767,20.53854858
,,,,
252,1,252,0.020949364,20.56981518
,,,,
253,1,253,0.037902355,20.56955751
,,,,
254,1,254,0.019946098,20.60224185
,,,,
255,1,255,0.02293849,20.62495723
,,,,
256,1,256,0.023736,20.65076522
,,,,
257,1,257,0.031921625,20.66597041
,,,,
258,1,258,0.023936987,20.68549611
,,,,
259,1,259,0.020936728,20.72063234
,,,,
260,1,260,0.020937443,20.74902264
,,,,
261,1,261,0.032563686,20.75660523
,,,,
262,1,262,0.032910585,20.75810333
,,,,
263,1,263,0.03989768,20.74831975
,,,,
264,1,264,0.029923677,20.76681544
,,,,
265,1,265,0.033908367,20.76516403
,,,,
266,1,266,0.021945,20.78649402
,,,,
267,1,267,0.038075447,20.78647599
,,,,
268,1,268,0.025930405,20.80778409
,,,,
269,1,269,0.027930737,20.83051907
,,,,
270,2,270,0.021936655,20.86605561
,,,,
271,2,271,0.031704664,20.87738112
,,,,
272,2,272,0.033903122,20.8753239
,,,,
273,2,273,0.022933245,20.89271086
,,,,
274,2,274,0.029925346,20.90901197
,,,,
275,2,275,0.032911062,20.90646781
,,,,
276,2,276,0.02275753,20.92426528
,,,,
277,2,277,0.022131443,20.95185022
,,,,
278,3,278,0.037844658,20.95330984
,,,,
279,2,279,0.020948648,20.9841703
,,,,
280,3,280,0.021947384,21.00791772
,,,,
281,3,281,0.032192707,21.01633903
,,,,
282,3,282,0.023450613,21.03071475
,,,,
283,2,283,0.035907745,21.03734571
,,,,
284,2,284,0.024957895,21.05704832
,,,,
285,2,285,0.032906771,21.06875972
,,,,
286,2,286,0.032908916,21.07176524
,,,,
287,2,287,0.03291893,21.07109782
,,,,
288,2,288,0.033913136,21.07048433
,,,,
289,2,289,0.030915022,21.07778156
,,,,
290,2,290,0.037902594,21.06812973
,,,,
291,2,291,0.021953583,21.09561076
,,,,
292,2,292,0.030922174,21.10604174
,,,,
293,2,293,0.026109934,21.11416492
,,,,
294,3,294,0.024933338,21.13993047
,,,,
295,3,295,0.02094388,21.16931822
,,,,
296,3,296,0.033709288,21.17311993
,,,,
297,2,297,0.031918049,21.17728693
,,,,
298,2,298,0.036894798,21.1707187
,,,,
299,2,299,0.020949841,21.19697356
,,,,
300,2,300,0.035909891,21.19846261
,,,,
301,2,301,0.032910824,21.20269631
,,,,
302,2,302,0.034912586,21.20027731
,,,,
303,2,303,0.031665087,21.20624089
,,,,
304,2,304,0.034911156,21.20187947
,,,,
305,2,305,0.035631657,21.19994208
,,,,
306,3,306,0.043820143,21.18808193
,,,,
307,3,307,0.038902521,21.17203782
,,,,
308,2,308,0.020948887,21.20209833
,,,,
309,3,309,0.027775526,21.21535445
,,,,
310,2,310,0.021939039,21.24618728
,,,,
311,2,311,0.03391242,21.25070472
,,,,
312,2,312,0.035906553,21.24931668
,,,,
313,2,313,0.021947384,21.26823567
,,,,
314,2,314,0.021940708,21.29266079
,,,,
315,2,315,0.024939775,21.31199605
,,,,
316,2,316,0.021944523,21.33834575
,,,,
317,2,317,0.029914379,21.34967494
,,,,
318,2,318,0.031921387,21.34656915
,,,,
319,2,319,0.033798456,21.3431974
,,,,
320,2,320,0.027925968,21.35042873
,,,,
321,2,321,0.023930788,21.3773198
,,,,
322,2,322,0.025938272,21.39815604
,,,,
323,2,323,0.021944046,21.4254788
,,,,
324,2,324,0.029930592,21.43758602
,,,,
325,2,325,0.031931877,21.43512111
,,,,
326,1,326,0.034929037,21.43050992
,,,,
327,1,327,0.021939754,21.44858339
,,,,
328,1,328,0.036907911,21.44945673
,,,,
329,1,329,0.033913851,21.45176803
,,,,
330,2,330,0.031819344,21.45507347
,,,,
331,2,331,0.038622379,21.44454785
,,,,
332,2,332,0.032917738,21.45115259
,,,,
333,2,333,0.025963783,21.46178219
,,,,
334,2,334,0.022942066,21.48754302
,,,,
335,2,335,0.025895119,21.50589923
,,,,
336,2,336,0.020808458,21.53580521
,,,,
337,2,337,0.021953106,21.55449358
,,,,
338,2,338,0.029921055,21.56332514
,,,,
339,2,339,0.038419485,21.55053357
,,,,
340,2,340,0.022780418,21.57102184
,,,,
341,2,341,0.020949364,21.59341152
,,,,
342,2,342,0.023941278,21.61066359
,,,,
343,2,343,0.02693367,21.62790224
,,,,
344,2,344,0.020449877,21.65621589
,,,,
345,2,345,0.033511877,21.65950725
,,,,
346,2,346,0.026926756,21.66910582
,,,,
347,2,347,0.028917551,21.68567586
,,,,
348,2,348,0.03490901,21.67559213
,,,,
349,2,349,0.037904978,21.67051103
,,,,
350,2,350,0.028927326,21.68130971
,,,,
351,2,351,0.035898924,21.67212644
,,,,
352,2,352,0.029909611,21.67730694
,,,,
353,2,353,0.038898468,21.66440379
,,,,
354,2,354,0.029934645,21.67665231
,,,,
355,2,355,0.035919905,21.6674684
,,,,
356,2,356,0.033618927,21.6681869
,,,,
357,2,357,0.033783436,21.66796073
,,,,
358,2,358,0.042702198,21.6539684
,,,,
359,2,359,0.022937775,21.67914293
,,,,
360,2,360,0.027919769,21.69200052
,,,,
361,2,361,0.035916328,21.68076913
,,,,
362,2,362,0.02592206,21.69404837
,,,,
363,2,363,0.023931503,21.71763101
,,,,
364,2,364,0.02162385,21.74152322
,,,,
365,2,365,0.031914234,21.74817195
,,,,
366,2,366,0.03283596,21.74556312
,,,,
367,2,367,0.021422625,21.75907059
,,,,
368,2,368,0.035910368,21.75992986
,,,,
369,2,369,0.035544872,21.75812241
,,,,
370,2,370,0.029917479,21.76464636
,,,,
371,2,371,0.039889574,21.74936189
,,,,
372,2,372,0.023844719,21.76852297
,,,,
373,2,373,0.022100449,21.79150209
,,,,
374,2,374,0.024229527,21.80770526
,,,,
375,2,375,0.021941185,21.82920943
,,,,
376,2,376,0.022808313,21.84643304
,,,,
377,2,377,0.027923346,21.85756027
,,,,
378,2,378,0.026923418,21.87632328
,,,,
379,3,379,0.019940853,21.90385589
,,,,
380,3,380,0.034629822,21.90361358
,,,,
381,3,381,0.029933453,21.90857836
,,,,
382,3,382,0.03582406,21.89864679
,,,,
383,3,383,0.03213048,21.90136414
,,,,
384,3,384,0.040916204,21.88899137
,,,,
385,3,385,0.021861315,21.91230519
,,,,
386,3,386,0.034901381,21.91316681
,,,,
387,3,387,0.025856495,21.92141217
,,,,
388,3,388,0.024928331,21.93963347
,,,,
389,3,389,0.023931026,21.95769483
,,,,
390,3,390,0.020948648,21.97897566
,,,,
391,3,391,0.023348331,21.99276531
,,,,
392,3,392,0.033912897,21.99720418
,,,,
393,3,393,0.033913612,21.99578449
,,,,
394,3,394,0.034424782,21.99211635
,,,,
395,3,395,0.020840645,22.00675041
,,,,
396,3,396,0.035902977,22.00491469
,,,,
397,3,397,0.032909393,22.00423442
,,,,
398,3,398,0.033420086,22.00339375
,,,,
399,3,399,0.034191608,22.00019653
,,,,
400,3,400,0.027925253,22.00692809
,,,,
401,3,401,0.021961451,22.03048128
,,,,
402,3,402,0.020944118,22.05034463
,,,,
403,3,403,0.02593565,22.06052869
,,,,
404,3,404,0.020949364,22.08347978
,,,,
405,3,405,0.035562038,22.08264136
,,,,
406,3,406,0.033907175,22.08207887
,,,,
407,3,407,0.034166098,22.08211702
,,,,
408,2,408,0.033923864,22.08048389
,,,,
409,2,409,0.030908585,22.08185563
,,,,
410,2,410,0.038009882,22.07041314
,,,,
411,2,411,0.03139925,22.07585469
,,,,
412,2,412,0.022944927,22.08431119
,,,,
413,2,413,0.023943186,22.09891205
,,,,
414,2,414,0.033435345,22.10451185
,,,,
415,2,415,0.037373066,22.09608171
,,,,
416,2,416,0.027437449,22.10734546
,,,,
417,2,417,0.020634651,22.13152084
,,,,
418,2,418,0.026700735,22.1407838
,,,,
419,2,419,0.0307827,22.15057865
,,,,
420,2,420,0.038896322,22.14020718
,,,,
421,2,421,0.039892197,22.13589849
,,,,
422,2,422,0.027926445,22.14783259
,,,,
423,2,423,0.034904957,22.13959758
,,,,
424,2,424,0.033908606,22.13802556
,,,,
425,2,425,0.043889046,22.12525578
,,,,
426,2,426,0.02692771,22.14167833
,,,,
427,2,427,0.02519536,22.15889286
,,,,
428,2,428,0.024934769,22.17520735
,,,,
429,2,429,0.028921604,22.18689455
,,,,
430,2,430,0.023948193,22.19105907
,,,,
431,2,431,0.032597542,22.19708983
,,,,
432,2,432,0.023936033,22.20433228
,,,,
433,2,433,0.029921055,22.21322599
,,,,
434,2,434,0.020199776,22.22191544
,,,,
435,2,435,0.033709049,22.22294648
,,,,
436,2,436,0.030627251,22.22534067
,,,,
437,2,437,0.034912825,22.21811487
,,,,
438,2,438,0.029918194,22.22220363
,,,,
439,2,439,0.041831732,22.20537507
,,,,
440,2,440,0.021948814,22.22456443
,,,,
441,2,441,0.025183916,22.23558877
,,,,
442,2,442,0.027924776,22.24794607
,,,,
443,2,443,0.031918526,22.24262368
,,,,
444,2,444,0.023942471,22.24967514
,,,,
445,2,445,0.023819685,22.26484959
,,,,
446,2,446,0.021923542,22.28190563
,,,,
447,2,447,0.034171343,22.28359132
,,,,
448,2,448,0.029912949,22.28742214
,,,,
449,2,449,0.036215782,22.27802573
,,,,
450,2,450,0.030875683,22.28260653
,,,,
451,2,451,0.033909082,22.27819885
,,,,
452,2,452,0.03384757,22.27478882
,,,,
453,2,453,0.04488349,22.26051017
,,,,
454,1,454,0.036898375,22.25192362
,,,,
455,1,455,0.023932695,22.26384676
,,,,
456,1,456,0.022950649,22.28000672
,,,,
457,1,457,0.033915758,22.28322082
,,,,
458,1,458,0.035903215,22.27989
,,,,
459,1,459,0.033744574,22.2810442
,,,,
460,1,460,0.03531599,22.27630647
,,,,
461,1,461,0.029933929,22.28007136
,,,,
462,1,462,0.03889513,22.26611558
,,,,
463,1,463,0.02193594,22.28215312
,,,,
464,1,464,0.028888702,22.28944977
,,,,
465,1,465,0.035908937,22.28078696
,,,,
466,1,466,0.021941423,22.2924836
,,,,
467,1,467,0.025925398,22.30192815
,,,,
468,1,468,0.023622274,22.3187062
,,,,
469,1,469,0.021497726,22.33557221
,,,,
470,1,470,0.031822681,22.33844941
,,,,
471,1,471,0.034912586,22.33297111
,,,,
472,1,472,0.038853407,22.32646768
,,,,
473,1,473,0.037858963,22.32507992
,,,,
474,1,474,0.023524284,22.33717732
,,,,
475,1,475,0.028802395,22.34563019
,,,,
476,1,476,0.037842989,22.33402578
,,,,
477,1,477,0.023267269,22.34682539
,,,,
478,1,478,0.020946503,22.36386175
,,,,
479,2,479,0.061835051,22.33456567
,,,,
480,2,480,0.034479141,22.31108622
,,,,
481,2,481,0.029917479,22.3120574
,,,,
482,2,482,0.03444314,22.30629417
,,,,
483,2,483,0.025930405,22.31232955
,,,,
484,2,484,0.024934292,22.32663635
,,,,
485,3,485,0.037817001,22.32662752
,,,,
486,3,486,0.027929783,22.33347138
,,,,
487,3,487,0.036896467,22.32207107
,,,,
488,3,488,0.032390833,22.32345399
,,,,
489,3,489,0.041895151,22.31300113
,,,,
490,3,490,0.024933338,22.32718449
,,,,
491,3,491,0.025063038,22.34073011
,,,,
492,3,492,0.028928518,22.34968106
,,,,
493,3,493,0.030911207,22.34710367
,,,,
494,3,494,0.035835981,22.33878067
,,,,
495,3,495,0.034535885,22.33660804
,,,,
496,4,496,0.032950401,22.33726712
,,,,
497,4,497,0.022523403,22.3450143
,,,,
498,4,498,0.026843309,22.35394185
,,,,
499,4,499,0.02294445,22.37088761
,,,,
500,2,500,0.030382156,22.37634092
,,,,
501,4,501,0.0349195,22.3699683
,,,,
502,3,502,0.035809517,22.36578903
,,,,
503,2,503,0.021942854,22.37653579
,,,,
504,2,504,0.023928642,22.38929145
,,,,
505,3,505,0.025732756,22.39964745
,,,,
506,2,506,0.023931503,22.41524661
,,,,
507,1,507,0.022931337,22.42889969
,,,,
508,2,508,0.021945,22.44333183
,,,,
509,2,509,0.032917023,22.44637376
,,,,
510,1,510,0.034967422,22.44318004
,,,,
511,1,511,0.031840324,22.44466199
,,,,
512,1,512,0.035907984,22.43744552
,,,,
513,1,513,0.029912949,22.43996905
,,,,
514,1,514,0.035904884,22.43174336
,,,,
515,1,515,0.034745216,22.42961761
,,,,
516,1,516,0.0252738,22.43775046
,,,,
517,1,517,0.02293539,22.4529335
,,,,
518,1,518,0.030696154,22.45783873
,,,,
519,1,519,0.037920952,22.44806968
,,,,
520,1,520,0.033911228,22.44952252
,,,,
521,1,521,0.032116413,22.44914191
,,,,
522,1,522,0.036504984,22.44262573
,,,,
523,1,523,0.031839848,22.44538161
,,,,
524,1,524,0.035916567,22.43824628
,,,,
525,1,525,0.03292799,22.43791214
,,,,
526,1,526,0.031908035,22.4374225
,,,,
527,1,527,0.036799431,22.42938081
,,,,
528,1,528,0.023936033,22.43860554
,,,,
529,1,529,0.02442956,22.45222719
,,,,
530,1,530,0.02780652,22.461468
,,,,
531,1,531,0.034714937,22.45360169
,,,,
532,1,532,0.028170586,22.45716578
,,,,
533,1,533,0.03482151,22.44754528
,,,,
534,2,534,0.0335145,22.44692484
,,,,
535,2,535,0.031437874,22.44825765
,,,,
536,1,536,0.034301996,22.44327368
,,,,
537,1,537,0.035522461,22.43950891
,,,,
538,1,538,0.034910917,22.43767996
,,,,
539,1,539,0.02194047,22.44708986
,,,,
540,2,540,0.026919603,22.45569484
,,,,
541,2,541,0.025936365,22.45559602
,,,,
542,2,542,0.036899805,22.44486979
,,,,
543,2,543,0.024931908,22.45197158
,,,,
544,2,544,0.026921511,22.4638466
,,,,
545,2,545,0.021683455,22.48159159
,,,,
546,2,546,0.030722141,22.48586408
,,,,
547,2,547,0.032909155,22.48067284
,,,,
548,2,548,0.039443254,22.47281101
,,,,
549,2,549,0.027930737,22.48160643
,,,,
550,2,550,0.03584218,22.4728349
,,,,
551,2,551,0.023427486,22.48272973
,,,,
552,2,552,0.022609949,22.49501354
,,,,
553,2,553,0.036907911,22.4938647
,,,,
554,2,554,0.021772146,22.50610028
,,,,
555,2,555,0.024452925,22.5157055
,,,,
556,2,556,0.035902262,22.50358816
,,,,
557,2,557,0.036033154,22.500237
,,,,
558,2,558,0.033904076,22.49898431
,,,,
559,2,559,0.034472227,22.49598842
,,,,
560,2,560,0.032910824,22.4944221
,,,,
561,1,561,0.029774904,22.49486354
,,,,
562,2,562,0.040985107,22.48195215
,,,,
563,1,563,0.021932602,22.49771547
,,,,
564,1,564,0.030920982,22.50203801
,,,,
565,1,565,0.033902645,22.49747837
,,,,
566,1,566,0.022942305,22.50511922
,,,,
567,1,567,0.033906698,22.50623931
,,,,
568,1,568,0.034784555,22.50463732
,,,,
569,1,569,0.032623291,22.50404656
,,,,
570,1,570,0.033792257,22.50076474
,,,,
571,1,571,0.035125256,22.49717435
,,,,
572,1,572,0.021453857,22.50702077
,,,,
573,1,573,0.021943092,22.51796059
,,,,
574,1,574,0.022945881,22.52996181
,,,,
575,1,575,0.028603792,22.53589101
,,,,
576,1,576,0.040896654,22.52222778
,,,,
577,1,577,0.02294445,22.53547304
,,,,
578,1,578,0.030431032,22.5415767
,,,,
579,1,579,0.023893356,22.54448765
,,,,
580,1,580,0.021941662,22.55837216
,,,,
581,1,581,0.030916929,22.56228539
,,,,
582,1,582,0.032918453,22.5599158
,,,,
583,1,583,0.035909891,22.55491778
,,,,
584,1,584,0.035767078,22.5517366
,,,,
585,1,585,0.032454014,22.55353771
,,,,
586,2,586,0.034909964,22.5505646
,,,,
587,2,587,0.03390789,22.54744444
,,,,
588,2,588,0.033886194,22.54574872
,,,,
589,2,589,0.038485765,22.53864315
,,,,
590,2,590,0.024937868,22.54763319
,,,,
591,2,591,0.021945715,22.56176357
,,,,
592,3,592,0.024447918,22.57198569
,,,,
593,2,593,0.02878809,22.57928442
,,,,
594,3,594,0.034270525,22.57152722
,,,,
595,2,595,0.028606653,22.57539235
,,,,
596,3,596,0.034912825,22.56822983
,,,,
597,3,597,0.030842543,22.57086788
,,,,
598,4,598,0.038724184,22.5619187
,,,,
599,3,599,0.030005932,22.56694864
,,,,
600,4,600,0.035906076,22.55885119
,,,,
601,4,601,0.031732082,22.56170683
,,,,
602,4,602,0.04049015,22.55262296
,,,,
603,4,603,0.023934364,22.56395121
,,,,
604,4,604,0.02892828,22.5707986
,,,,
605,4,605,0.038160086,22.55943019
,,,,
606,4,606,0.02204752,22.57270135
,,,,
607,4,607,0.024405241,22.58157254
,,,,
608,5,608,0.022969484,22.59371051
,,,,
609,5,609,0.020951986,22.60605688
,,,,
610,5,610,0.020953178,22.61677868
,,,,
611,5,611,0.03592062,22.61532808
,,,,
612,5,612,0.031861305,22.61638412
,,,,
613,5,613,0.03091526,22.61410412
,,,,
614,4,614,0.034927368,22.60838195
,,,,
615,4,615,0.030902863,22.61031033
,,,,
616,4,616,0.023935556,22.61306854
,,,,
617,5,617,0.021887064,22.62666019
,,,,
618,4,618,0.03076005,22.62910368
,,,,
619,4,619,0.022943735,22.63437561
,,,,
620,5,620,0.02293849,22.64533772
,,,,
621,5,621,0.019948244,22.65780152
,,,,
622,5,622,0.034847498,22.65610012
,,,,
623,5,623,0.026922703,22.66118467
,,,,
624,5,624,0.03540802,22.65224879
,,,,
625,5,625,0.031900406,22.65233798
,,,,
626,5,626,0.036592245,22.64564293
,,,,
627,5,627,0.035902977,22.64417828
,,,,
628,5,628,0.023938656,22.65107542
,,,,
629,5,629,0.023935795,22.66268718
,,,,
630,4,630,0.023780107,22.67343461
,,,,
631,4,631,0.021666527,22.68694149
,,,,
632,4,632,0.021945,22.6980553
,,,,
633,4,633,0.022943974,22.70745857
,,,,
634,4,634,0.021940231,22.71862781
,,,,
635,4,635,0.03642416,22.71661909
,,,,
636,4,636,0.03192687,22.71749273
,,,,
637,4,637,0.033904791,22.71269364
,,,,
638,4,638,0.040889025,22.70383854
,,,,
639,4,639,0.023936272,22.71604488
,,,,
640,4,640,0.021957159,22.72901729
,,,,
641,4,641,0.025935173,22.73615973
,,,,
642,3,642,0.023935318,22.74748335
,,,,
643,4,643,0.029560804,22.75403808
,,,,
644,3,644,0.022841215,22.75695891
,,,,
645,4,645,0.029854774,22.7611906
,,,,
646,4,646,0.021775961,22.76618315
,,,,
647,4,647,0.023289204,22.77539653
,,,,
648,4,648,0.021936178,22.78653408
,,,,
649,4,649,0.022939444,22.79598107
,,,,
650,4,650,0.024931908,22.80305297
,,,,
651,4,651,0.019951344,22.81727853
,,,,
652,3,652,0.033430338,22.81597515
,,,,
653,4,653,0.032911777,22.81467497
,,,,
654,3,654,0.032915115,22.81147282
,,,,
655,4,655,0.026405573,22.81511998
,,,,
656,3,656,0.02394104,22.82708578
,,,,
657,3,657,0.028927326,22.83406421
,,,,
658,3,658,0.023929596,22.83624348
,,,,
659,4,659,0.020955324,22.84860294
,,,,
660,3,660,0.032913923,22.84849137
,,,,
661,4,661,0.03790307,22.84170348
,,,,
662,3,662,0.021940947,22.85212755
,,,,
663,3,663,0.020838976,22.86285597
,,,,
664,3,664,0.033908844,22.86191306
,,,,
665,3,665,0.032637358,22.86068301
,,,,
666,4,666,0.034912109,22.8568374
,,,,
667,4,667,0.031920195,22.85589107
,,,,
668,4,668,0.030915737,22.85411227
,,,,
669,4,669,0.04096818,22.84375842
,,,,
670,4,670,0.025578022,22.85249803
,,,,
671,3,671,0.023941278,22.86292145
,,,,
672,3,672,0.026935101,22.86976197
,,,,
673,4,673,0.020841837,22.88358126
,,,,
674,4,674,0.026558876,22.88982023
,,,,
675,4,675,0.021981955,22.90280441
,,,,
676,4,676,0.027463436,22.90809384
,,,,
677,4,677,0.02177763,22.92194953
,,,,
678,4,678,0.020948648,22.93257256
,,,,
679,4,679,0.031921625,22.93395321
,,,,
680,4,680,0.032917738,22.93178496
,,,,
681,4,681,0.03790164,22.92561105
,,,,
682,3,682,0.021192074,22.93578263
,,,,
683,4,683,0.033497334,22.93577558
,,,,
684,4,684,0.038145065,22.92881536
,,,,
685,4,685,0.021413565,22.93896653
,,,,
686,4,686,0.034904003,22.93776494
,,,,
687,4,687,0.027930498,22.9430513
,,,,
688,4,688,0.022266626,22.95631261
,,,,
689,4,689,0.026825428,22.96280112
,,,,
690,5,690,0.036905289,22.95407748
,,,,
691,5,691,0.024927139,22.96059484
,,,,
692,5,692,0.023935795,22.97174539
,,,,
693,5,693,0.022207022,22.98240481
,,,,
694,5,694,0.032386303,22.98401782
,,,,
695,4,695,0.021949768,22.98958188
,,,,
696,5,696,0.033902884,22.98923313
,,,,
697,5,697,0.034904957,22.98585561
,,,,
698,5,698,0.028787374,22.98932464
,,,,
699,5,699,0.020939827,22.99244886
,,,,
700,5,700,0.037694216,22.98907775
,,,,
701,5,701,0.030401468,22.99145422
,,,,
702,5,702,0.024646044,22.99351034
,,,,
703,5,703,0.022584677,23.00473384
,,,,
704,5,704,0.032909155,23.00600096
,,,,
705,5,705,0.034914255,23.00245558
,,,,
706,5,706,0.022951126,23.00836036
,,,,
707,5,707,0.022456646,23.01860651
,,,,
708,5,708,0.021940708,23.0268196
,,,,
709,5,709,0.022943974,23.03609438
,,,,
710,4,710,0.025930405,23.04303996
,,,,
711,4,711,0.021511078,23.05550249
,,,,
712,5,712,0.033405066,23.05581026
,,,,
713,5,713,0.025933743,23.05914314
,,,,
714,4,714,0.031749964,23.06382374
,,,,
715,4,715,0.035920382,23.05847802
,,,,
716,4,716,0.033908606,23.0565768
,,,,
717,4,717,0.032918692,23.05542017
,,,,
718,4,718,0.037781477,23.0489346
,,,,
719,4,719,0.031909704,23.05001997
,,,,
720,4,720,0.035904169,23.04368391
,,,,
721,4,721,0.034462214,23.04249526
,,,,
722,4,722,0.034901857,23.04027712
,,,,
723,4,723,0.031486511,23.04063849
,,,,
724,4,724,0.038887262,23.03357853
,,,,
725,4,725,0.020706654,23.04363007
,,,,
726,4,726,0.022950888,23.05050052
,,,,
727,4,727,0.035933256,23.04952975
,,,,
728,4,728,0.027927637,23.05321172
,,,,
729,4,729,0.036761522,23.04339147
,,,,
730,4,730,0.022595882,23.05271882
,,,,
731,4,731,0.031783581,23.0546795
,,,,
732,4,732,0.036412954,23.05048046
,,,,
733,4,733,0.029920816,23.05223329
,,,,
734,4,734,0.036007643,23.04519941
,,,,
735,4,735,0.021767855,23.05306446
,,,,
736,4,736,0.02193594,23.06196199
,,,,
737,4,737,0.030914783,23.06351403
,,,,
738,4,738,0.037892818,23.05679428
,,,,
739,4,739,0.028920174,23.0607083
,,,,
740,4,740,0.035914421,23.05360681
,,,,
741,4,741,0.040883064,23.04747855
,,,,
742,4,742,0.02682066,23.0534789
,,,,
743,4,743,0.026921272,23.06239456
,,,,
744,4,744,0.019876719,23.07574287
,,,,
745,4,745,0.032700062,23.07540929
,,,,
746,4,746,0.042883873,23.06534145
,,,,
747,4,747,0.036904812,23.05735721
,,,,
748,4,748,0.020948648,23.06657922
,,,,
749,4,749,0.034936666,23.06456067
,,,,
750,4,750,0.02593255,23.06843353
,,,,
751,4,751,0.025143623,23.07788631
,,,,
752,4,752,0.02583456,23.08585609
,,,,
753,4,753,0.02093792,23.09746142
,,,,
754,4,754,0.028925896,23.10031919
,,,,
755,4,755,0.042883873,23.08729961
,,,,
756,4,756,0.020938396,23.10026655
,,,,
757,4,757,0.030660868,23.10227452
,,,,
758,4,758,0.032930136,23.09959251
,,,,
759,4,759,0.02046442,23.10686245
,,,,
760,4,760,0.031517744,23.1077103
,,,,
761,4,761,0.039855719,23.09840488
,,,,
762,4,762,0.021948338,23.10960521
,,,,
763,4,763,0.031928301,23.11156922
,,,,
764,4,764,0.023033619,23.11486541
,,,,
765,4,765,0.028925896,23.11789991
,,,,
766,4,766,0.039892912,23.10706267
,,,,
767,4,767,0.021945238,23.11791719
,,,,
768,4,768,0.032926559,23.11869698
,,,,
769,4,769,0.03283,23.11583156
,,,,
770,3,770,0.033908606,23.11266216
,,,,
771,3,771,0.037829161,23.10731125
,,,,
772,3,772,0.033913851,23.10685648
,,,,
773,3,773,0.032892942,23.10429117
,,,,
774,3,774,0.032908916,23.10269479
,,,,
775,3,775,0.046873808,23.08984724
,,,,
776,3,776,0.032883644,23.08730341
,,,,
777,3,777,0.031626463,23.08509978
,,,,
778,3,778,0.034913301,23.08116847
,,,,
779,3,779,0.023934841,23.08484055
,,,,
780,3,780,0.027917624,23.091271
,,,,
781,3,781,0.037580252,23.08231755
,,,,
782,4,782,0.028930187,23.08565563
,,,,
783,4,783,0.036902428,23.07823657
,,,,
784,4,784,0.021831989,23.08595155
,,,,
785,3,785,0.035899162,23.08416887
,,,,
786,3,786,0.03491044,23.08203449
,,,,
787,4,787,0.031915665,23.08165567
,,,,
788,4,788,0.03191328,23.07796523
,,,,
789,4,789,0.03490448,23.07376004
,,,,
790,4,790,0.020475388,23.08109851
,,,,
791,4,791,0.032855511,23.08071062
,,,,
792,4,792,0.032283068,23.07833012
,,,,
793,4,793,0.040897131,23.07040621
,,,,
794,4,794,0.025923252,23.07807235
,,,,
795,4,795,0.020932198,23.09040427
,,,,
796,4,796,0.028921127,23.09318793
,,,,
797,4,797,0.033905983,23.08606224
,,,,
798,4,798,0.022944689,23.09161531
,,,,
799,4,799,0.039847136,23.08829872
,,,,
800,4,800,0.022939205,23.09820716
,,,,
801,4,801,0.028933764,23.10222383
,,,,
802,4,802,0.036895514,23.09447089
,,,,
803,4,803,0.029925585,23.09662715
,,,,
804,4,804,0.034906149,23.09022538
,,,,
805,4,805,0.021952629,23.09698773
,,,,
806,4,806,0.023947477,23.10367773
,,,,
807,4,807,0.030932665,23.10680638
,,,,
808,4,808,0.02277112,23.10980332
,,,,
809,4,809,0.035907984,23.1091589
,,,,
810,4,810,0.029930353,23.11034034
,,,,
811,4,811,0.040520191,23.10026967
,,,,
812,4,812,0.023940325,23.10843684
,,,,
813,4,813,0.024936914,23.11655363
,,,,
814,5,814,0.028926849,23.12146408
,,,,
815,5,815,0.032947063,23.11726918
,,,,
816,5,816,0.032841682,23.11547507
,,,,
817,5,817,0.035558701,23.11119035
,,,,
818,5,818,0.040103197,23.10525141
,,,,
819,4,819,0.031908035,23.10775367
,,,,
820,4,820,0.022526503,23.11300642
,,,,
821,4,821,0.024483204,23.11966028
,,,,
822,4,822,0.030804873,23.12367085
,,,,
823,4,823,0.036180496,23.11640855
,,,,
824,4,824,0.026925087,23.12202783
,,,,
825,5,825,0.031912565,23.12560539
,,,,
826,5,826,0.029906273,23.12495624
,,,,
827,5,827,0.034791946,23.11925227
,,,,
828,4,828,0.035909176,23.11577195
,,,,
829,5,829,0.031919479,23.11543214
,,,,
830,4,830,0.039703369,23.10939506
,,,,
831,5,831,0.028921604,23.11378393
,,,,
832,5,832,0.040889025,23.10341451
,,,,
833,4,833,0.039507151,23.09388276
,,,,
834,4,834,0.033057451,23.09590395
,,,,
835,4,835,0.032901287,23.09453491
,,,,
836,4,836,0.042882681,23.08562961
,,,,
837,4,837,0.026928663,23.08336433
,,,,
838,4,838,0.028815985,23.08974678
,,,,
839,4,839,0.033389091,23.0844576
,,,,
840,4,840,0.036882162,23.08013425
,,,,
841,4,841,0.021947145,23.08793802
,,,,
842,5,842,0.023951292,23.0949836
,,,,
843,4,843,0.020951509,23.10531065
,,,,
844,5,844,0.020946026,23.11290912
,,,,
845,4,845,0.037091732,23.10978454
,,,,
846,4,846,0.033915997,23.10968697
,,,,
847,4,847,0.029918194,23.11063747
,,,,
848,4,848,0.04487896,23.09827591
,,,,
849,4,849,0.029782534,23.0958376
,,,,
850,4,850,0.035824776,23.08972461
,,,,
851,4,851,0.029922009,23.09147745
,,,,
852,4,852,0.025924921,23.09144293
,,,,
853,4,853,0.028927565,23.0969726
,,,,
854,4,854,0.036647558,23.0879904
,,,,
855,4,855,0.031790018,23.08965162
,,,,
856,4,856,0.025940657,23.09139489
,,,,
857,5,857,0.022854805,23.10163273
,,,,
858,4,858,0.023941278,23.1093483
,,,,
859,4,859,0.023944139,23.11671851
,,,,
860,4,860,0.023942232,23.12403802
,,,,
861,4,861,0.025125504,23.13016494
,,,,
862,4,862,0.027439117,23.13625305
,,,,
863,4,863,0.027725935,23.13422918
,,,,
864,4,864,0.029433489,23.13099665
,,,,
865,4,865,0.03789854,23.12342496
,,,,
866,4,866,0.032823801,23.12320807
,,,,
867,4,867,0.025827646,23.12651377
,,,,
868,4,868,0.021896124,23.13598054
,,,,
869,4,869,0.032501459,23.13690052
,,,,
870,4,870,0.037029266,23.13150277
,,,,
871,4,871,0.023935556,23.13786665
,,,,
872,5,872,0.022932768,23.14542175
,,,,
873,4,873,0.028825521,23.14926379
,,,,
874,4,874,0.041847706,23.13945691
,,,,
875,4,875,0.024469852,23.14726898
,,,,
876,4,876,0.030917645,23.15072554
,,,,
877,4,877,0.035914183,23.14532292
,,,,
878,4,878,0.030900002,23.14546695
,,,,
879,4,879,0.03390789,23.14086209
,,,,
880,4,880,0.023936987,23.14450439
,,,,
881,4,881,0.027920008,23.1489035
,,,,
882,4,882,0.020938873,23.16000643
,,,,
883,4,883,0.022943497,23.16598843
,,,,
884,4,884,0.032635212,23.1668781
,,,,
885,4,885,0.021956444,23.17114357
,,,,
886,4,886,0.035800457,23.1693379
,,,,
887,4,887,0.021939754,23.17598479
,,,,
888,4,888,0.026940823,23.18035704
,,,,
889,4,889,0.041861534,23.17038353
,,,,
890,4,890,0.021941423,23.17957996
,,,,
891,4,891,0.025604963,23.18462734
,,,,
892,5,892,0.023935795,23.19319009
,,,,
893,5,893,0.02250123,23.2020405
,,,,
894,5,894,0.020688057,23.21054093
,,,,
895,4,895,0.041751146,23.20461969
,,,,
896,4,896,0.024929047,23.21253967
,,,,
897,4,897,0.023939848,23.22042832
,,,,
898,4,898,0.029035807,23.22446095
,,,,
899,5,899,0.03690815,23.21773101
,,,,
900,4,900,0.027818918,23.22158074
